Old_File_Name,New_File_Name,Old_Canonical_Path,Repository_Current_Name,Repository_Current_Path,Base_Suggested_Name,Family,Role,Action,Rationale,Issues,SHA256,Git_Blob_Archive,Git_Blob_Current_Repo,Semantic_Equivalence_Status,Alias_Count,Extension,Size_Bytes
EVM.afw,EVM_ACUMEN_WORKSPACE.afw,ref1/.mpp test files/EVM/EVM.afw,,,EVM_ACUMEN_WORKSPACE.afw,EVM1–EVM2 cost-loaded set,Acumen Fuse workspace,KEEP - RENAME OPTIONAL,Retain one canonical payload and its SHA-256. Rename only through a controlled commit.,Exact duplicate payload has 4 paths; retain one canonical copy and aliases only in manifest. | Binary Fuse workspace is not a metric result by itself; pair with exported XLSX reports and exact Fuse settings/version.,0ce58ab428e6c28eaed732840715a8e141d3efcde06609a6a423e5d205ce7735,,,,4,.afw,510023
EVM1- Quick Add Metrics .xlsx,EVM_ACUMEN_QUICK_ADD__SHA-7b51398c.xlsx,ref1/.mpp test files/EVM/EVM1- Quick Add Metrics .xlsx,,,EVM_ACUMEN_QUICK_ADD.xlsx,EVM1–EVM2 cost-loaded set,Acumen Quick Add/ribbon oracle,KEEP - RENAME OPTIONAL,Retain one canonical payload and its SHA-256. Rename only through a controlled commit.,Exact duplicate payload has 4 paths; retain one canonical copy and aliases only in manifest. | Inconsistent spacing/punctuation in filename.,7b51398cb58bba21709d16da2de0c18b0c4135c49766f68361f4e726c25b235d,,,,4,.xlsx,11010
EVM2 - Quick Add Metrics.xlsx,EVM_ACUMEN_QUICK_ADD__SHA-73a4a25b.xlsx,ref1/.mpp test files/EVM/EVM2 - Quick Add Metrics.xlsx,,,EVM_ACUMEN_QUICK_ADD.xlsx,EVM1–EVM2 cost-loaded set,Acumen Quick Add/ribbon oracle,KEEP - RENAME OPTIONAL,Retain one canonical payload and its SHA-256. Rename only through a controlled commit.,Exact duplicate payload has 4 paths; retain one canonical copy and aliases only in manifest.,73a4a25be543be374dd095bdc02e44b74885f8778b177c9b46ed9a067c765d36,,,,4,.xlsx,11014
EVM3- Detailed Metric Report.xlsx,EVM_ACUMEN_DETAILED_METRICS.xlsx,ref1/.mpp test files/EVM/EVM3- Detailed Metric Report.xlsx,,,EVM_ACUMEN_DETAILED_METRICS.xlsx,EVM1–EVM2 cost-loaded set,Acumen detailed-metric oracle,KEEP - RENAME OPTIONAL,Retain one canonical payload and its SHA-256. Rename only through a controlled commit.,Exact duplicate payload has 4 paths; retain one canonical copy and aliases only in manifest.,2500ec9eb6e047fbc72bacc56c4d95ed56028ff98adf5683b0124f7f939ceeb9,,,,4,.xlsx,34915
EVM1 Forensic Analysis Report.xlsx,EVM_ACUMEN_FORENSIC_COMPARISON.xlsx,ref1/.mpp test files/EVM/EVM1 Forensic Analysis Report.xlsx,,,EVM_ACUMEN_FORENSIC_COMPARISON.xlsx,EVM1–EVM2 cost-loaded set,Acumen forensic comparison oracle,KEEP - RENAME OPTIONAL,Retain one canonical payload and its SHA-256. Rename only through a controlled commit.,Exact duplicate payload has 4 paths; retain one canonical copy and aliases only in manifest.,ee90cc7071e8bfa470ecc7e7893d8b95c6a468b4c65cdc3312e207f97a50a84a,,,,4,.xlsx,50115
EVM- Metric History Report.xlsx,EVM_ACUMEN_METRIC_HISTORY.xlsx,ref1/.mpp test files/EVM/EVM- Metric History Report.xlsx,,,EVM_ACUMEN_METRIC_HISTORY.xlsx,EVM1–EVM2 cost-loaded set,Acumen metric-history oracle,KEEP - RENAME OPTIONAL,Retain one canonical payload and its SHA-256. Rename only through a controlled commit.,Exact duplicate payload has 4 paths; retain one canonical copy and aliases only in manifest.,ec750c76e1ddc44b2dd85f82de2ab4f0b13e95b183769c72864aeed42793cde9,,,,4,.xlsx,18647
EVM- Metric History Report.zip,EVM_-_Metric_History_Report.zip,ref1/.mpp test files/EVM/EVM- Metric History Report.zip,,,EVM_-_Metric_History_Report.zip,EVM1–EVM2 cost-loaded set,Archive container,EXCLUDE AFTER VALIDATION,Archive container; extracted members are available,Exact duplicate payload has 2 paths; retain one canonical copy and aliases only in manifest. | Archive duplicates extracted contents and should not be loaded as an analysis input.,28ec627aa95e62c85fc521166188209b91954b183062e40f191a0b0601195406,,,,2,.zip,646385
EVM - Quick Add Metrics.docx,EVM_-_Quick_Add_Metrics.docx,ref1/.mpp test files/EVM/EVM - Quick Add Metrics.docx,,,EVM_-_Quick_Add_Metrics.docx,EVM1–EVM2 cost-loaded set,Narrative/report/reference,KEEP - RENAME OPTIONAL,Retain one canonical payload and its SHA-256. Rename only through a controlled commit.,Exact duplicate payload has 4 paths; retain one canonical copy and aliases only in manifest.,bbeb75fc46805e9f20d64bb7060bfcf53f25643ea7b4feb80949f72feb83dc9f,,,,4,.docx,25224
EVM1.mpp,EVM1.mpp,ref1/.mpp test files/EVM/EVM1.mpp,,,EVM1.mpp,EVM1–EVM2 cost-loaded set,Schedule input,KEEP - RENAME OPTIONAL,Retain one canonical payload and its SHA-256. Rename only through a controlled commit.,Exact duplicate payload has 4 paths; retain one canonical copy and aliases only in manifest.,d5534598e2069a3b75faca81a93689a14a9a5cb5538bae6c2092669e844e8b63,,,,4,.mpp,377856
EVM2.mpp,EVM2.mpp,ref1/.mpp test files/EVM/EVM2.mpp,,,EVM2.mpp,EVM1–EVM2 cost-loaded set,Schedule input,KEEP - RENAME OPTIONAL,Retain one canonical payload and its SHA-256. Rename only through a controlled commit.,Exact duplicate payload has 4 paths; retain one canonical copy and aliases only in manifest.,d1c9018ad4f528841ffb5a4e2896f014e21453aa813de419a04c7b1cf7925c70,,,,4,.mpp,380928
UID_4_Directional_Path_Analysis_2026-6-23-15-42-46.xlsx,SSI_UID4_SSI_DRIVING_PATH_20260623_154246.xlsx,ref2/UID_4_Directional_Path_Analysis_2026-6-23-15-42-46.xlsx,,,SSI_UID4_SSI_DRIVING_PATH_20260623_154246.xlsx,Five-task SSI feature battery / UID 4,SSI directional-path oracle,KEEP - RENAME OPTIONAL,Retain one canonical payload and its SHA-256. Rename only through a controlled commit.,,8bae99cf810bb5bbe47aaf1161fa70f9757210403028b79a85295509f7d82596,,,,1,.xlsx,10339
UID_4_Directional_Path_Analysis_Progress_2026-6-23-16-0-6.xlsx,SSI_UID4_SSI_DRIVING_PATH_20260623_160006.xlsx,ref2/UID_4_Directional_Path_Analysis_Progress_2026-6-23-16-0-6.xlsx,,,SSI_UID4_SSI_DRIVING_PATH_20260623_160006.xlsx,Five-task SSI feature battery / UID 4,SSI directional-path oracle,KEEP - RENAME OPTIONAL,Retain one canonical payload and its SHA-256. Rename only through a controlled commit.,,0dd1282533eba1085cec8bb9158a461e9860d16c00c451e26754d04e67c48a53,,,,1,.xlsx,10387
UID_4_Directional_Path_Analysis_Split_2026-6-23-16-31-24.xlsx,SSI_UID4_SSI_DRIVING_PATH_20260623_163124.xlsx,ref2/UID_4_Directional_Path_Analysis_Split_2026-6-23-16-31-24.xlsx,,,SSI_UID4_SSI_DRIVING_PATH_20260623_163124.xlsx,Five-task SSI feature battery / UID 4,SSI directional-path oracle,KEEP - RENAME OPTIONAL,Retain one canonical payload and its SHA-256. Rename only through a controlled commit.,,13685f9cf58f9a960bde95523e81b637c6ce49496c8732c178331cd910390431,,,,1,.xlsx,10387
5 Task Test File.mpp,5_Task_Test_File.mpp,ref1/5 Task Test File.mpp,,,5_Task_Test_File.mpp,Five-task SSI feature battery / UID 4,Schedule input,KEEP - RENAME OPTIONAL,Retain one canonical payload and its SHA-256. Rename only through a controlled commit.,,c1bab3dc86b67ab7b860f474319a2cc1299ee5a2508b2f9fe3f12d83742b3feb,,,,1,.mpp,300544
Hard_File_update vs update2_Fuse.afw,HARD_FILE_ACUMEN_WORKSPACE__SHA-4d6a3b0f.afw,ref1/.mpp test files/Hard_File/Hard_File_update vs update2_Fuse.afw,,,HARD_FILE_ACUMEN_WORKSPACE.afw,Hard File progression,Acumen Fuse workspace,KEEP - RENAME OPTIONAL,Retain one canonical payload and its SHA-256. Rename only through a controlled commit.,Binary Fuse workspace is not a metric result by itself; pair with exported XLSX reports and exact Fuse settings/version.,4d6a3b0faddd286b7af4303d928c18d2368903200ecef16ca1b36547412ab272,,,,1,.afw,563298
Hard_File_update2 vs update3_Fuse.afw,HARD_FILE_ACUMEN_WORKSPACE__SHA-907911d8.afw,ref1/.mpp test files/Hard_File/Hard_File_update2 vs update3_Fuse.afw,,,HARD_FILE_ACUMEN_WORKSPACE.afw,Hard File progression,Acumen Fuse workspace,KEEP - RENAME OPTIONAL,Retain one canonical payload and its SHA-256. Rename only through a controlled commit.,Binary Fuse workspace is not a metric result by itself; pair with exported XLSX reports and exact Fuse settings/version.,907911d8f16e766545fc9abbb7c38c51ecfac263085bebbec606b28784d30f76,,,,1,.afw,718625
Hard_File_Fuse.afw,HARD_FILE_ACUMEN_WORKSPACE__SHA-9429ad1d.afw,ref2/Hard_File_Fuse.afw,,,HARD_FILE_ACUMEN_WORKSPACE.afw,Hard File progression,Acumen Fuse workspace,KEEP - RENAME OPTIONAL,Retain one canonical payload and its SHA-256. Rename only through a controlled commit.,Binary Fuse workspace is not a metric result by itself; pair with exported XLSX reports and exact Fuse settings/version.,9429ad1dc13fa7a70c94eb764cbee36b4279668ec3a12dc32932d402b4c0defa,,,,1,.afw,534284
Hard_File_Fuse - Quick Add Metrics .xlsx,HARD_FILE_ACUMEN_QUICK_ADD.xlsx,ref1/.mpp test files/Hard_File/Hard_File_Fuse - Quick Add Metrics .xlsx,,,HARD_FILE_ACUMEN_QUICK_ADD.xlsx,Hard File progression,Acumen Quick Add/ribbon oracle,KEEP - RENAME OPTIONAL,Retain one canonical payload and its SHA-256. Rename only through a controlled commit.,Inconsistent spacing/punctuation in filename.,beec1ca535967185f795ab625dc11ad171d53e9d6d83b791f42d6fef038e160d,,,,1,.xlsx,12908
Hard_File_update vs update2_Fuse - Detailed Metric Report.xlsx,HARD_FILE_ACUMEN_DETAILED_METRICS__SHA-b82425e3.xlsx,ref1/.mpp test files/Hard_File/Hard_File_update vs update2_Fuse - Detailed Metric Report.xlsx,,,HARD_FILE_ACUMEN_DETAILED_METRICS.xlsx,Hard File progression,Acumen detailed-metric oracle,KEEP - RENAME OPTIONAL,Retain one canonical payload and its SHA-256. Rename only through a controlled commit.,,b82425e3c294307db5a8fea35011293a2830a803e9aea8594d546e3a0f171e76,,,,1,.xlsx,90889
Hard_File_update2 vs update3_Fuse - Detailed Metric Report.xlsx,HARD_FILE_ACUMEN_DETAILED_METRICS__SHA-f7fa1a55.xlsx,ref1/.mpp test files/Hard_File/Hard_File_update2 vs update3_Fuse - Detailed Metric Report.xlsx,,,HARD_FILE_ACUMEN_DETAILED_METRICS.xlsx,Hard File progression,Acumen detailed-metric oracle,KEEP - RENAME OPTIONAL,Retain one canonical payload and its SHA-256. Rename only through a controlled commit.,,f7fa1a55f6eedc9c5ed9a6ea105194b5e967afea04e4f3539d0e3ef1124adb81,,,,1,.xlsx,91312
Hard_File_updated vs update 2_ Forensic Analysis Report.xlsx,HARD_FILE_ACUMEN_FORENSIC_COMPARISON__SHA-8c5d4238.xlsx,ref1/.mpp test files/Hard_File/Hard_File_updated vs update 2_ Forensic Analysis Report.xlsx,,,HARD_FILE_ACUMEN_FORENSIC_COMPARISON.xlsx,Hard File progression,Acumen forensic comparison oracle,KEEP - RENAME OPTIONAL,Retain one canonical payload and its SHA-256. Rename only through a controlled commit.,,8c5d423806295a0c51db47868693649ab9ed4df30d321c76e6bb4be42960ef5e,,,,1,.xlsx,113276
Hard_File_updated2 vs update3 Forensic Analysis Report.xlsx,HARD_FILE_ACUMEN_FORENSIC_COMPARISON__SHA-d98d557a.xlsx,ref1/.mpp test files/Hard_File/Hard_File_updated2 vs update3 Forensic Analysis Report.xlsx,,,HARD_FILE_ACUMEN_FORENSIC_COMPARISON.xlsx,Hard File progression,Acumen forensic comparison oracle,KEEP - RENAME OPTIONAL,Retain one canonical payload and its SHA-256. Rename only through a controlled commit.,,d98d557ad55cbfe6db6b4ec0729a31eae5abf31e37ff059209010e50769308db,,,,1,.xlsx,100517
Hard_File Forensic Analysis Report.xlsx,HARD_FILE_ACUMEN_FORENSIC_COMPARISON__SHA-808ece07.xlsx,ref2/Hard_File Forensic Analysis Report.xlsx,,,HARD_FILE_ACUMEN_FORENSIC_COMPARISON.xlsx,Hard File progression,Acumen forensic comparison oracle,KEEP - RENAME OPTIONAL,Retain one canonical payload and its SHA-256. Rename only through a controlled commit.,,808ece07db72c4a6c7aff20c57d8dbbf83b2ce074461ab046c3d23835534489c,,,,1,.xlsx,60214
Hard_File_Fuse - Metric History Report.xlsx,HARD_FILE_ACUMEN_METRIC_HISTORY__SHA-57dc60ee.xlsx,ref1/.mpp test files/Hard_File/Hard_File_Fuse - Metric History Report.xlsx,,,HARD_FILE_ACUMEN_METRIC_HISTORY.xlsx,Hard File progression,Acumen metric-history oracle,KEEP - RENAME OPTIONAL,Retain one canonical payload and its SHA-256. Rename only through a controlled commit.,,57dc60eee7f805c751e764b3afaf92eae44f64fbfbf731d3b88e222f7c83282d,,,,1,.xlsx,20284
Hard_File_update vs update2_Fuse - Metric History Report.xlsx,HARD_FILE_ACUMEN_METRIC_HISTORY__SHA-8288f791.xlsx,ref1/.mpp test files/Hard_File/Hard_File_update vs update2_Fuse - Metric History Report.xlsx,,,HARD_FILE_ACUMEN_METRIC_HISTORY.xlsx,Hard File progression,Acumen metric-history oracle,KEEP - RENAME OPTIONAL,Retain one canonical payload and its SHA-256. Rename only through a controlled commit.,,8288f791c96334d97a32b0b692b3c2289dd785d1de6a9750fc7c9fe31d343bd8,,,,1,.xlsx,21750
Hard_File_update2 vs update3_Fuse - Metric History Report.xlsx,HARD_FILE_ACUMEN_METRIC_HISTORY__SHA-c1f32793.xlsx,ref1/.mpp test files/Hard_File/Hard_File_update2 vs update3_Fuse - Metric History Report.xlsx,,,HARD_FILE_ACUMEN_METRIC_HISTORY.xlsx,Hard File progression,Acumen metric-history oracle,KEEP - RENAME OPTIONAL,Retain one canonical payload and its SHA-256. Rename only through a controlled commit.,,c1f327934e58ee27ddd1a8e84cdaaa4f530063a7ef258209f307f792a1696f96,,,,1,.xlsx,20617
Hard_File_Fuse - Summary Metric Report.xlsx,HARD_FILE_ACUMEN_SUMMARY_DCMA__SHA-be3d9e1d.xlsx,ref1/.mpp test files/Hard_File/Hard_File_Fuse - Summary Metric Report.xlsx,,,HARD_FILE_ACUMEN_SUMMARY_DCMA.xlsx,Hard File progression,Acumen summary/DCMA oracle,KEEP - RENAME OPTIONAL,Retain one canonical payload and its SHA-256. Rename only through a controlled commit.,,be3d9e1de9ac12ec12d9c6ac76e10c41c3e8f2114d8a3e24efd25f25152d2475,,,,1,.xlsx,463274
Hard_File_update vs update2_Fuse - Summary Report.xlsx,HARD_FILE_ACUMEN_SUMMARY_DCMA__SHA-12acd0f1.xlsx,ref1/.mpp test files/Hard_File/Hard_File_update vs update2_Fuse - Summary Report.xlsx,,,HARD_FILE_ACUMEN_SUMMARY_DCMA.xlsx,Hard File progression,Acumen summary/DCMA oracle,KEEP - RENAME OPTIONAL,Retain one canonical payload and its SHA-256. Rename only through a controlled commit.,,12acd0f190e9ad520d504f31bd1047610f0ae474929dee6506df0ac9830d2a22,,,,1,.xlsx,488707
Hard_File_update2 vs update3_Fuse - Summary Metrics Report.xlsx,HARD_FILE_ACUMEN_SUMMARY_DCMA__SHA-c70401e5.xlsx,ref1/.mpp test files/Hard_File/Hard_File_update2 vs update3_Fuse - Summary Metrics Report.xlsx,,,HARD_FILE_ACUMEN_SUMMARY_DCMA.xlsx,Hard File progression,Acumen summary/DCMA oracle,KEEP - RENAME OPTIONAL,Retain one canonical payload and its SHA-256. Rename only through a controlled commit.,,c70401e516a2b78574a7a99d930a9a92155321e178c86bc71a871e2086bf8793,,,,1,.xlsx,485660
Hard_File_Fuse - Fuse Analysis Report.xlsx,Hard_File_Fuse_-_Fuse_Analysis_Report.xlsx,ref1/.mpp test files/Hard_File/Hard_File_Fuse - Fuse Analysis Report.xlsx,,,Hard_File_Fuse_-_Fuse_Analysis_Report.xlsx,Hard File progression,Analysis workbook / visual reference,KEEP - RENAME OPTIONAL,Retain one canonical payload and its SHA-256. Rename only through a controlled commit.,,5a4c4d3c88905a8a8229a2f3f11787b01796b64317f15356e63ab811c5186cff,,,,1,.xlsx,19702
Hard_File_update vs update2_Fuse - Analysis Report.xlsx,Hard_File_update_vs_update2_Fuse_-_Analysis_Report.xlsx,ref1/.mpp test files/Hard_File/Hard_File_update vs update2_Fuse - Analysis Report.xlsx,,,Hard_File_update_vs_update2_Fuse_-_Analysis_Report.xlsx,Hard File progression,Analysis workbook / visual reference,KEEP - RENAME OPTIONAL,Retain one canonical payload and its SHA-256. Rename only through a controlled commit.,,0437c15d17214e567463ca6ccc20bb815767acd6269811d5282202f42511edc1,,,,1,.xlsx,24277
Hard_File_update vs update2_Fuse - Excel .xlsx,Hard_File_update_vs_update2_Fuse_-_Excel.xlsx,ref1/.mpp test files/Hard_File/Hard_File_update vs update2_Fuse - Excel .xlsx,,,Hard_File_update_vs_update2_Fuse_-_Excel.xlsx,Hard File progression,Analysis workbook / visual reference,KEEP - RENAME OPTIONAL,Retain one canonical payload and its SHA-256. Rename only through a controlled commit.,Inconsistent spacing/punctuation in filename.,e37a8a288e614e6ad7debdee715f098be61160347ceb29214944826055007225,,,,1,.xlsx,23658
Hard_File_update2 vs update3_Fuse - Analysis Report.xlsx,Hard_File_update2_vs_update3_Fuse_-_Analysis_Report.xlsx,ref1/.mpp test files/Hard_File/Hard_File_update2 vs update3_Fuse - Analysis Report.xlsx,,,Hard_File_update2_vs_update3_Fuse_-_Analysis_Report.xlsx,Hard File progression,Analysis workbook / visual reference,KEEP - RENAME OPTIONAL,Retain one canonical payload and its SHA-256. Rename only through a controlled commit.,,b9f55e48cffb2083029ca748735ef499f1551526e28acc18731325353019e46a,,,,1,.xlsx,90550
Hard_File_update2 vs update3_Fuse - Excel .xlsx,Hard_File_update2_vs_update3_Fuse_-_Excel.xlsx,ref1/.mpp test files/Hard_File/Hard_File_update2 vs update3_Fuse - Excel .xlsx,,,Hard_File_update2_vs_update3_Fuse_-_Excel.xlsx,Hard File progression,Analysis workbook / visual reference,KEEP - RENAME OPTIONAL,Retain one canonical payload and its SHA-256. Rename only through a controlled commit.,Inconsistent spacing/punctuation in filename.,61349f33871f5e2d8c65c039c2ed560ef443c61c32fe63d7217e3ed01e3d39e1,,,,1,.xlsx,20269
Hard_File_update2 vs update3_Fuse - Metrics Report.xlsx,Hard_File_update2_vs_update3_Fuse_-_Metrics_Report.xlsx,ref1/.mpp test files/Hard_File/Hard_File_update2 vs update3_Fuse - Metrics Report.xlsx,,,Hard_File_update2_vs_update3_Fuse_-_Metrics_Report.xlsx,Hard File progression,Analysis workbook / visual reference,KEEP - RENAME OPTIONAL,Retain one canonical payload and its SHA-256. Rename only through a controlled commit.,,5b61e6c02128de8e9702bb426ffae8c95566e51575d1b15a53aa6845984de0b8,,,,1,.xlsx,485705
Hard_File_updated2.fieldmap.xml,Hard_File_updated2.fieldmap.xml,ref1/.mpp test files/Hard_File/Hard_File_updated2.fieldmap.xml,,,Hard_File_updated2.fieldmap.xml,Hard File progression,Field-map metadata,KEEP - RENAME OPTIONAL,Retain one canonical payload and its SHA-256. Rename only through a controlled commit.,,f3e020f63968b032e45659fc37d66beca3386627919b5a2fb4ec805c28078720,,,,1,.xml,19156
Hard_File_missing_logic.xlsx,HARD_FILE_ACUMEN_OFFENDER_EXTRACT__SHA-fe88956c.xlsx,ref1/.mpp test files/Hard_File/Hard_File_missing_logic.xlsx,,,HARD_FILE_ACUMEN_OFFENDER_EXTRACT.xlsx,Hard File progression,Metric offender extract,KEEP - RENAME OPTIONAL,Retain one canonical payload and its SHA-256. Rename only through a controlled commit.,,fe88956c01ea607e7026d8debae292b40b5ec73f01df864d7b9c4c318650b426,,,,1,.xlsx,10227
Hard_File_updated_missing_logic.xlsx,HARD_FILE_ACUMEN_OFFENDER_EXTRACT__SHA-ac5cec0e.xlsx,ref1/.mpp test files/Hard_File/Hard_File_updated_missing_logic.xlsx,,,HARD_FILE_ACUMEN_OFFENDER_EXTRACT.xlsx,Hard File progression,Metric offender extract,KEEP - RENAME OPTIONAL,Retain one canonical payload and its SHA-256. Rename only through a controlled commit.,,ac5cec0e540f846f138e187183a3cd74bdc31c518c3954ace595f1e21db9f65b,,,,1,.xlsx,20998
Hard_File_Path_Trace_UID_155_Directional_Path_Analysis_2026-7-8-13-30-7.xlsx,HARD_FILE_UID155_SSI_DRIVING_PATH_20260708_133007__SHA-a585df82.xlsx,ref1/.mpp test files/Hard_File/Hard_File_Path_Trace_UID_155_Directional_Path_Analysis_2026-7-8-13-30-7.xlsx,,,HARD_FILE_UID155_SSI_DRIVING_PATH_20260708_133007.xlsx,Hard File progression,SSI directional-path oracle,KEEP - RENAME OPTIONAL,Retain one canonical payload and its SHA-256. Rename only through a controlled commit.,,a585df8219192ee059151f93eb2f4e953ab8fda80ed9955e84e1c49eb86bcc38,,,,1,.xlsx,16021
Hard_File_Path_Updated_Trace_UID_155_Directional_Path_Analysis_2026-7-8-13-30-7.xlsx,HARD_FILE_UID155_SSI_DRIVING_PATH_20260708_133007__SHA-d6c5e483.xlsx,ref1/.mpp test files/Hard_File/Hard_File_Path_Updated_Trace_UID_155_Directional_Path_Analysis_2026-7-8-13-30-7.xlsx,,,HARD_FILE_UID155_SSI_DRIVING_PATH_20260708_133007.xlsx,Hard File progression,SSI directional-path oracle,KEEP - RENAME OPTIONAL,Retain one canonical payload and its SHA-256. Rename only through a controlled commit.,,d6c5e48351b481be0de48a5fdf8d66e22d474aae5a0806ded580146f71ae9d86,,,,1,.xlsx,15801
Hard_File_updated_with_logic_reestablished_UID_155_Directional_Path_Analysis_2026-7-8-14-37-20.xlsx,HARD_FILE_UID155_SSI_DRIVING_PATH_20260708_143720.xlsx,ref1/.mpp test files/Hard_File/Hard_File_updated_with_logic_reestablished_UID_155_Directional_Path_Analysis_2026-7-8-14-37-20.xlsx,,,HARD_FILE_UID155_SSI_DRIVING_PATH_20260708_143720.xlsx,Hard File progression,SSI directional-path oracle,KEEP - RENAME OPTIONAL,Retain one canonical payload and its SHA-256. Rename only through a controlled commit.,,e884a2b977e952722bda5be2b27ba100aeca4e0387bd70e5f67c7ec4877936c0,,,,1,.xlsx,15767
Hard_File.mpp,Hard_File.mpp,ref1/.mpp test files/Hard_File/Hard_File.mpp,,,Hard_File.mpp,Hard File progression,Schedule input,KEEP - RENAME OPTIONAL,Retain one canonical payload and its SHA-256. Rename only through a controlled commit.,,fb3d87a121436fb0510520f027a8c34545df6f5c6f13a695edc09fe52c4c00df,,,,1,.mpp,1300480
Hard_File_updated.mpp,Hard_File_updated.mpp,ref1/.mpp test files/Hard_File/Hard_File_updated.mpp,,,Hard_File_updated.mpp,Hard File progression,Schedule input,KEEP - RENAME OPTIONAL,Retain one canonical payload and its SHA-256. Rename only through a controlled commit.,,62abbe6375888577d6f3d0d5f36d31f67458773e77df5ae2487f83f8b5b87a03,,,,1,.mpp,1292288
Hard_File_updated2.mpp,Hard_File_updated2.mpp,ref1/.mpp test files/Hard_File/Hard_File_updated2.mpp,,,Hard_File_updated2.mpp,Hard File progression,Schedule input,KEEP - RENAME OPTIONAL,Retain one canonical payload and its SHA-256. Rename only through a controlled commit.,,27616c4618fc0b8d22ebed52d205fc8a10c48ca9fc8e0fa437219fed63e160dc,,,,1,.mpp,1469440
Hard_File_updated3 24 hour calendar.mpp,Hard_File_updated4_24-Hour_Calendar.mpp,ref1/.mpp test files/Hard_File/Hard_File_updated3 24 hour calendar.mpp,Hard_File_updated4 24 hour calendar.mpp,00_REFERENCE_INTAKE/mpp/Hard_File_updated4 24 hour calendar.mpp,Hard_File_updated4_24-Hour_Calendar.mpp,Hard File progression,Schedule input,VERIFY SEMANTIC EQUIVALENCE,"Repository name was changed, but the current Git blob differs from the archived payload. Do not treat it as a pure rename until a Microsoft Project/MPXJ field comparison passes.","Repository file is now Hard_File_updated4 24 hour calendar.mpp. Its Git blob differs from the archived Hard_File_updated3 24 hour calendar.mpp, so treat it as a potentially changed payload until field-level equivalence is proven.",6719b69983c463662a7d797b6c9c8ededc4189abd11ee1c867fe300e35ab5780,cab7ca96c30a8042c809aa7ae397903526ce4e6f,bfbf3d40ffcc950f22e47a87b60f41a96b2a1374,UNVERIFIED - blobs differ,1,.mpp,1334272
Hard_File_updated3.mpp,Hard_File_updated3.mpp,ref1/.mpp test files/Hard_File/Hard_File_updated3.mpp,,,Hard_File_updated3.mpp,Hard File progression,Schedule input,KEEP - RENAME OPTIONAL,Retain one canonical payload and its SHA-256. Rename only through a controlled commit.,,49c1f73f3bf1a2f9f5648689c25bac673b871d787680112d9cea36a6a152e34a,,,,1,.mpp,1329152
Hard_File_updated_with_logic_reestablished.mpp,Hard_File_updated_with_logic_reestablished.mpp,ref1/.mpp test files/Hard_File/Hard_File_updated_with_logic_reestablished.mpp,,,Hard_File_updated_with_logic_reestablished.mpp,Hard File progression,Schedule input,KEEP - RENAME OPTIONAL,Retain one canonical payload and its SHA-256. Rename only through a controlled commit.,,184bd57e5c9e87a133cf98b26dd468d39c1027fc9a96160d46e393e663dbb598,,,,1,.mpp,1243136
Large Project2 Acumen - Quick Add Metrics .xlsx,P2_P5_ACUMEN_QUICK_ADD__SHA-43b2d16a.xlsx,ref1/.mpp test files/Large Project2 Acumen/Large Project2 Acumen - Quick Add Metrics .xlsx,,,P2_P5_ACUMEN_QUICK_ADD.xlsx,Large Project2 Acumen report set,Acumen Quick Add/ribbon oracle,KEEP - RENAME OPTIONAL,Retain one canonical payload and its SHA-256. Rename only through a controlled commit.,Exact duplicate payload has 4 paths; retain one canonical copy and aliases only in manifest. | Inconsistent spacing/punctuation in filename.,43b2d16a5937ddbcb75c525b288ea735cdea0bb8869a5648cc1bc1dbe7fd7403,,,,4,.xlsx,10221
Large Project2 Acumen - Quick Add Metrics1.xlsx,P2_P5_ACUMEN_QUICK_ADD__SHA-b136c53c.xlsx,ref1/.mpp test files/Large Project2 Acumen/Large Project2 Acumen - Quick Add Metrics1.xlsx,,,P2_P5_ACUMEN_QUICK_ADD.xlsx,Large Project2 Acumen report set,Acumen Quick Add/ribbon oracle,KEEP - RENAME OPTIONAL,Retain one canonical payload and its SHA-256. Rename only through a controlled commit.,Exact duplicate payload has 4 paths; retain one canonical copy and aliases only in manifest.,b136c53c7d91367219fe78a8c42599f3fad5b4ad5cde345dde00302183ccd418,,,,4,.xlsx,118404
Large Project2 Acumen1 - Quick Add Metrics .xlsx,P2_P5_ACUMEN_QUICK_ADD__SHA-64bd9ee0.xlsx,ref1/.mpp test files/Large Project2 Acumen/Large Project2 Acumen1 - Quick Add Metrics .xlsx,,,P2_P5_ACUMEN_QUICK_ADD.xlsx,Large Project2 Acumen report set,Acumen Quick Add/ribbon oracle,KEEP - RENAME OPTIONAL,Retain one canonical payload and its SHA-256. Rename only through a controlled commit.,Exact duplicate payload has 4 paths; retain one canonical copy and aliases only in manifest. | Inconsistent spacing/punctuation in filename.,64bd9ee05d247bb5a219fb16d99e4f73b913d41a1ec9de3b65a90b3e982a7571,,,,4,.xlsx,10231
Large Project2 Acumen- Metric History Report.xlsx,P2_P5_ACUMEN_METRIC_HISTORY__SHA-400128ee.xlsx,ref1/.mpp test files/Large Project2 Acumen/Large Project2 Acumen- Metric History Report.xlsx,,,P2_P5_ACUMEN_METRIC_HISTORY.xlsx,Large Project2 Acumen report set,Acumen metric-history oracle,KEEP - RENAME OPTIONAL,Retain one canonical payload and its SHA-256. Rename only through a controlled commit.,Exact duplicate payload has 4 paths; retain one canonical copy and aliases only in manifest.,400128eee1fb5e1f1f45f799a94b82c17a5d53c05892cf9f2d1e6ae164b5273d,,,,4,.xlsx,18801
Large Project2 Acumen - DCMA Report1.xlsx,P2_P5_ACUMEN_SUMMARY_DCMA__SHA-8e39bccc.xlsx,ref1/.mpp test files/Large Project2 Acumen/Large Project2 Acumen - DCMA Report1.xlsx,,,P2_P5_ACUMEN_SUMMARY_DCMA.xlsx,Large Project2 Acumen report set,Acumen summary/DCMA oracle,KEEP - RENAME OPTIONAL,Retain one canonical payload and its SHA-256. Rename only through a controlled commit.,Exact duplicate payload has 4 paths; retain one canonical copy and aliases only in manifest.,8e39bccc52bbb0249f2e3bb3723a800660b6312614208f542cf3e9229317b79d,,,,4,.xlsx,18775
Large Project2 Acumen - DCMA Report1.zip,Large_Project2_Acumen_-_DCMA_Report1.zip,ref1/.mpp test files/Large Project2 Acumen/Large Project2 Acumen - DCMA Report1.zip,,,Large_Project2_Acumen_-_DCMA_Report1.zip,Large Project2 Acumen report set,Archive container,EXCLUDE AFTER VALIDATION,Archive container; extracted members are available,Exact duplicate payload has 2 paths; retain one canonical copy and aliases only in manifest. | Archive duplicates extracted contents and should not be loaded as an analysis input.,7fa35cd67b0c65b1005e1c7c861d3559437ded5dc59fac6193a424b32fee1cc1,,,,2,.zip,194620
Large Project2 Acumen - Quick Add Metrics.docx,Large_Project2_Acumen_-_Quick_Add_Metrics.docx,ref1/.mpp test files/Large Project2 Acumen/Large Project2 Acumen - Quick Add Metrics.docx,,,Large_Project2_Acumen_-_Quick_Add_Metrics.docx,Large Project2 Acumen report set,Narrative/report/reference,KEEP - RENAME OPTIONAL,Retain one canonical payload and its SHA-256. Rename only through a controlled commit.,Exact duplicate payload has 4 paths; retain one canonical copy and aliases only in manifest.,1968e659fd4ba51bd4e533e988e62ea621202477f168f0872c9a5c4249a67089,,,,4,.docx,22193
L12- Quick Add Metrics.xlsx,UNASSIGNED_CROSS_CUTTING_ACUMEN_QUICK_ADD__SHA-a95cd0b6.xlsx,ref1/.mpp test files/2-3-4-5/L12- Quick Add Metrics.xlsx,,,UNASSIGNED_CROSS_CUTTING_ACUMEN_QUICK_ADD.xlsx,Large Test File / UID 152,Acumen Quick Add/ribbon oracle,KEEP - RENAME OPTIONAL,Retain one canonical payload and its SHA-256. Rename only through a controlled commit.,Exact duplicate payload has 6 paths; retain one canonical copy and aliases only in manifest.,a95cd0b69894a6e3ab29063dacd56c37c74c9adff39d3ac0fa134bb9ad23d879,,,,6,.xlsx,81997
L12 - Detailed Metric Report.xlsx,UNASSIGNED_CROSS_CUTTING_ACUMEN_DETAILED_METRICS.xlsx,ref1/.mpp test files/2-3-4-5/L12 - Detailed Metric Report.xlsx,,,UNASSIGNED_CROSS_CUTTING_ACUMEN_DETAILED_METRICS.xlsx,Large Test File / UID 152,Acumen detailed-metric oracle,KEEP - RENAME OPTIONAL,Retain one canonical payload and its SHA-256. Rename only through a controlled commit.,Exact duplicate payload has 6 paths; retain one canonical copy and aliases only in manifest.,c58d46a5468beb4f5f5bd12e4777de1a5f9d2a154fdf1468c34775dd0c3db08b,,,,6,.xlsx,965304
L12- Metric History Report.xlsx,UNASSIGNED_CROSS_CUTTING_ACUMEN_METRIC_HISTORY__SHA-fe145d95.xlsx,ref1/.mpp test files/2-3-4-5/L12- Metric History Report.xlsx,,,UNASSIGNED_CROSS_CUTTING_ACUMEN_METRIC_HISTORY.xlsx,Large Test File / UID 152,Acumen metric-history oracle,KEEP - RENAME OPTIONAL,Retain one canonical payload and its SHA-256. Rename only through a controlled commit.,Exact duplicate payload has 6 paths; retain one canonical copy and aliases only in manifest.,fe145d953535a2f15a3842646eeea1cadba7d52ef9dcd12b8b94f50762bf6177,,,,6,.xlsx,23222
Executive Summary Large Test File.docx,Executive_Summary_Large_Test_File.docx,ref2/Executive Summary Large Test File.docx,,,Executive_Summary_Large_Test_File.docx,Large Test File / UID 152,Narrative/report/reference,KEEP - RENAME OPTIONAL,Retain one canonical payload and its SHA-256. Rename only through a controlled commit.,,250cff6a9bb9afcffbed97a4e5d21dc3e8e9c51d6017e3519c4d857574044f11,,,,1,.docx,25269
Large Test File Leveled All Dependencies with driving slack to UID_152_Directional_Path_Analysis_2026-7-14-17-21-13.xlsx,LARGE_TEST_UID152_SSI_ALL_DEPENDENCIES_20260714_172113.xlsx,ref1/.mpp test files/Large Test File/Large Test File Leveled All Dependencies with driving slack to UID_152_Directional_Path_Analysis_2026-7-14-17-21-13.xlsx,,,LARGE_TEST_UID152_SSI_ALL_DEPENDENCIES_20260714_172113.xlsx,Large Test File / UID 152,SSI directional-path oracle,KEEP - RENAME OPTIONAL,Retain one canonical payload and its SHA-256. Rename only through a controlled commit.,,8da48082abc198fa3da70749a9c91abd8b762e3fc80bc08b1fa4c482c021b9d3,,,,1,.xlsx,68081
Large Test File Leveled Critical - Secondary - Teritiary - with driving slack to UID_152_Directional_Path_Analysis_2026-7-14-17-22-42.xlsx,LARGE_TEST_UID152_SSI_TIERED_20260714_172242.xlsx,ref1/.mpp test files/Large Test File/Large Test File Leveled Critical - Secondary - Teritiary - with driving slack to UID_152_Directional_Path_Analysis_2026-7-14-17-22-42.xlsx,,,LARGE_TEST_UID152_SSI_TIERED_20260714_172242.xlsx,Large Test File / UID 152,SSI directional-path oracle,KEEP - RENAME OPTIONAL,Retain one canonical payload and its SHA-256. Rename only through a controlled commit.,Filename misspells Tertiary; normalize for searchability.,bdc74b4a276c7de10d77753c7bcf777050885d2c2cc68777bf9d5087e2bb0b6a,,,,1,.xlsx,19088
Large Test File (OverAl Fixed) UID_152_Directional_Path_Analysis_2026-6-24-13-17-48.xlsx,LARGE_TEST_UID152_SSI_DRIVING_PATH_20260624_131748.xlsx,ref2/Large Test File (OverAl Fixed) UID_152_Directional_Path_Analysis_2026-6-24-13-17-48.xlsx,,,LARGE_TEST_UID152_SSI_DRIVING_PATH_20260624_131748.xlsx,Large Test File / UID 152,SSI directional-path oracle,KEEP - RENAME OPTIONAL,Retain one canonical payload and its SHA-256. Rename only through a controlled commit.,,af12498ded27dba297863d8964d7bd21a78a17b80682a5f38aeb5eef803de54c,,,,1,.xlsx,68996
Large_Test_File_UID_152_Directional_Path_Analysis_2026-7-8-8-45-50.xlsx,LARGE_TEST_UID152_SSI_DRIVING_PATH_20260708_084550.xlsx,ref2/Large_Test_File_UID_152_Directional_Path_Analysis_2026-7-8-8-45-50.xlsx,,,LARGE_TEST_UID152_SSI_DRIVING_PATH_20260708_084550.xlsx,Large Test File / UID 152,SSI directional-path oracle,KEEP - RENAME OPTIONAL,Retain one canonical payload and its SHA-256. Rename only through a controlled commit.,,b67f02e49e5f94833eacd29203b41e9741c8492a50e00c4ab91b64d763d6d65e,,,,1,.xlsx,15140
UID_152_Directional_Path_Analysis_2026-6-23-12-46-44.xlsx,SSI_UID152_SSI_DRIVING_PATH_20260623_124644.xlsx,ref2/UID_152_Directional_Path_Analysis_2026-6-23-12-46-44.xlsx,,,SSI_UID152_SSI_DRIVING_PATH_20260623_124644.xlsx,Large Test File / UID 152,SSI directional-path oracle,KEEP - RENAME OPTIONAL,Retain one canonical payload and its SHA-256. Rename only through a controlled commit.,,b123dea3ea9c196f3681aececdc8e79bf9d73bc0dd2a4b5239e7fa7b80b39f6d,,,,1,.xlsx,68885
UID_152_Directional_Path_Analysis_All Dependents Not Leveled_2026-6-23-20-30-55.xlsx,SSI_UID152_SSI_DRIVING_PATH_20260623_203055.xlsx,ref2/UID_152_Directional_Path_Analysis_All Dependents Not Leveled_2026-6-23-20-30-55.xlsx,,,SSI_UID152_SSI_DRIVING_PATH_20260623_203055.xlsx,Large Test File / UID 152,SSI directional-path oracle,KEEP - RENAME OPTIONAL,Retain one canonical payload and its SHA-256. Rename only through a controlled commit.,,ab37c22425175a8cf001c00386b241be460d0b183d6bfeedb98b60e8b2da14d6,,,,1,.xlsx,68675
UID_152_Directional_Path_Analysis_ALL_2026-6-23-15-5-21.xlsx,SSI_UID152_SSI_ALL_DEPENDENCIES_20260623_150521.xlsx,ref2/UID_152_Directional_Path_Analysis_ALL_2026-6-23-15-5-21.xlsx,,,SSI_UID152_SSI_ALL_DEPENDENCIES_20260623_150521.xlsx,Large Test File / UID 152,SSI directional-path oracle,KEEP - RENAME OPTIONAL,Retain one canonical payload and its SHA-256. Rename only through a controlled commit.,,5d8e5654dc8876e600e58c352bbee8b84a8d659c9f5c3fa7f4e2a038c004ec6d,,,,1,.xlsx,68785
UID_152_Directional_Path_Analysis_Leveled_All_Dependents_2026-6-23-20-28-26.xlsx,SSI_UID152_SSI_ALL_DEPENDENCIES_20260623_202826.xlsx,ref2/UID_152_Directional_Path_Analysis_Leveled_All_Dependents_2026-6-23-20-28-26.xlsx,,,SSI_UID152_SSI_ALL_DEPENDENCIES_20260623_202826.xlsx,Large Test File / UID 152,SSI directional-path oracle,KEEP - RENAME OPTIONAL,Retain one canonical payload and its SHA-256. Rename only through a controlled commit.,,97de04ddb45c05e9d558a9bc472573cb02e8b5eade53128ced3b71bd4975ab57,,,,1,.xlsx,68812
UID_152_Directional_Path_Analysis_Resource_Level_2026-6-23-17-8-43.xlsx,SSI_UID152_SSI_DRIVING_PATH_20260623_170843.xlsx,ref2/UID_152_Directional_Path_Analysis_Resource_Level_2026-6-23-17-8-43.xlsx,,,SSI_UID152_SSI_DRIVING_PATH_20260623_170843.xlsx,Large Test File / UID 152,SSI directional-path oracle,KEEP - RENAME OPTIONAL,Retain one canonical payload and its SHA-256. Rename only through a controlled commit.,,268d9f01dec32ec249c98466263bc37e2dcfa034fe5890cca5843bbb6d90e794,,,,1,.xlsx,68890
Large Test File Leveled.mpp,Large_Test_File_Leveled.mpp,ref1/.mpp test files/Large Test File/Large Test File Leveled.mpp,,,Large_Test_File_Leveled.mpp,Large Test File / UID 152,Schedule input,KEEP - RENAME OPTIONAL,Retain one canonical payload and its SHA-256. Rename only through a controlled commit.,,f5f1c59a3b6b7f609a380582abf4b9afd5a2dcd132cb48242fa45399e5992998,,,,1,.mpp,9814016
Large Test File.mpp,Large_Test_File__SHA-70502312.mpp,ref1/.mpp test files/Large Test File/Large Test File.mpp,,,Large_Test_File.mpp,Large Test File / UID 152,Schedule input,KEEP - RENAME OPTIONAL,Retain one canonical payload and its SHA-256. Rename only through a controlled commit.,,705023123b6d490d0a06545062ec8aac31604350b0d1b5e26e4d6e3bcbe6425d,,,,1,.mpp,9737728
Large Test File2.mpp,Large_Test_File2.mpp,ref1/.mpp test files/Large Test File/Large Test File2.mpp,,,Large_Test_File2.mpp,Large Test File / UID 152,Schedule input,KEEP - RENAME OPTIONAL,Retain one canonical payload and its SHA-256. Rename only through a controlled commit.,,d180ea50c938c194eadcbad962cdfe5271906829bb0bd41f04bf2b1eb03e922e,,,,1,.mpp,10168320
Large_Test_File.mpp,Large_Test_File__SHA-767c9ecc.mpp,ref1/.mpp test files/Large Test File/Large_Test_File.mpp,,,Large_Test_File.mpp,Large Test File / UID 152,Schedule input,KEEP - RENAME OPTIONAL,Retain one canonical payload and its SHA-256. Rename only through a controlled commit.,,767c9eccb95dcc49fe2d41b850945974d9ae41020fa269a42c9c5af4c44862ed,,,,1,.mpp,9737728
Large Test File Leveled (OVERALLOCATION FIXED).mpp,Large_Test_File_Leveled_(OVERALLOCATION_FIXED).mpp,ref1/Large Test File Leveled (OVERALLOCATION FIXED).mpp,,,Large_Test_File_Leveled_(OVERALLOCATION_FIXED).mpp,Large Test File / UID 152,Schedule input,KEEP - RENAME OPTIONAL,Retain one canonical payload and its SHA-256. Rename only through a controlled commit.,,796541fce68dc887ef525bb692d1e195fcd3d5022d5c9b07ed3d8d5fd5a28172,,,,1,.mpp,9236480
Large Test File Leveled with Driving Slack Not Leveled.mpp,Large_Test_File_Leveled_with_Driving_Slack_Not_Leveled.mpp,ref1/Large Test File Leveled with Driving Slack Not Leveled.mpp,,,Large_Test_File_Leveled_with_Driving_Slack_Not_Leveled.mpp,Large Test File / UID 152,Schedule input,KEEP - RENAME OPTIONAL,Retain one canonical payload and its SHA-256. Rename only through a controlled commit.,,d2ca2b80b1afdc25afc54129a68857b7d2ae2defbf677a0bc476964edec618db,,,,1,.mpp,9442304
Large Test File Leveled with Driving Slack.mpp,Large_Test_File_Leveled_with_Driving_Slack.mpp,ref1/Large Test File Leveled with Driving Slack.mpp,,,Large_Test_File_Leveled_with_Driving_Slack.mpp,Large Test File / UID 152,Schedule input,KEEP - RENAME OPTIONAL,Retain one canonical payload and its SHA-256. Rename only through a controlled commit.,,e112f6723e4d7486176f5117b1ddc28fff7c41b1a587a7fdc9746fb80a212c26,,,,1,.mpp,9362944
Large Test File Leveled Critical - Secondary - Teritiary - with driving slack to UID_152_Directional_Path_Analysis_2026-7-14-17-22-42 SSI Settings.jpg,Large_Test_File_Leveled_Critical_-_Secondary_-_Tertiary_-_with_driving_slack_to_UID_152_Directional_Path_Analysis_2026_-_7_-_14_-_17_-_22_-_42_SSI_Settings.jpg,ref1/.mpp test files/Large Test File/Large Test File Leveled Critical - Secondary - Teritiary - with driving slack to UID_152_Directional_Path_Analysis_2026-7-14-17-22-42 SSI Settings.jpg,,,Large_Test_File_Leveled_Critical_-_Secondary_-_Tertiary_-_with_driving_slack_to_UID_152_Directional_Path_Analysis_2026_-_7_-_14_-_17_-_22_-_42_SSI_Settings.jpg,Large Test File / UID 152,Settings/visual reference,KEEP - RENAME OPTIONAL,Retain one canonical payload and its SHA-256. Rename only through a controlled commit.,Filename misspells Tertiary; normalize for searchability.,211fe51989b8efd549ba4d382c3b694a11fbcc5839cc6052fdf261970c370bfb,,,,1,.jpg,80126
Margin&Contingency_BurnDown_Template_20250513.xlsx,Margin&Contingency_BurnDown_Template_20250513.xlsx,ref1/Margin&Contingency_BurnDown_Template_20250513.xlsx,,,Margin&Contingency_BurnDown_Template_20250513.xlsx,Margin and contingency references,Analysis workbook / visual reference,KEEP - RENAME OPTIONAL,Retain one canonical payload and its SHA-256. Rename only through a controlled commit.,,eb949aac5d49dd6d72f5f46b47a64c73f5083f3fd909057c7d1b78c68a04465b,,,,1,.xlsx,71412
AIprompt_Margin&ContingencyBarChart (1).docx,AIprompt_Margin&ContingencyBarChart_(1).docx,ref1/AIprompt_Margin&ContingencyBarChart (1).docx,,,AIprompt_Margin&ContingencyBarChart_(1).docx,Margin and contingency references,Narrative/report/reference,KEEP - RENAME OPTIONAL,Retain one canonical payload and its SHA-256. Rename only through a controlled commit.,,03b585e63832979a90572998b3c71bb9be528e9cd7ebce89bb5e318462641073,,,,1,.docx,26148
Margin Consumption.png,Margin_Consumption.png,ref1/Margin Consumption.png,,,Margin_Consumption.png,Margin and contingency references,Settings/visual reference,KEEP - RENAME OPTIONAL,Retain one canonical payload and its SHA-256. Rename only through a controlled commit.,,546b72798ae7cc357d62dac0fc3faa4e5f2221f968341f4699f0d55e3ea000dd,,,,1,.png,176889
Margin Erosion.png,Margin_Erosion.png,ref1/Margin Erosion.png,,,Margin_Erosion.png,Margin and contingency references,Settings/visual reference,KEEP - RENAME OPTIONAL,Retain one canonical payload and its SHA-256. Rename only through a controlled commit.,,1c6015f16bc3570a712bea2592f1ec7fceb851d680db9118987970b670a7b875,,,,1,.png,90346
PerformanceAnalysisSummary_Sample Metrics_2026APR.xlsx,PerformanceAnalysisSummary_Sample_Metrics_2026APR.xlsx,ref2/PerformanceAnalysisSummary_Sample Metrics_2026APR.xlsx,,,PerformanceAnalysisSummary_Sample_Metrics_2026APR.xlsx,Methodology and reporting references,Analysis workbook / visual reference,KEEP - RENAME OPTIONAL,Retain one canonical payload and its SHA-256. Rename only through a controlled commit.,Contains external workbook links; do not rely on recalculation outside the source environment.,14547256bf8c83b785a9f587c8c8436a311079fb89b44bf87088aa4ccab8fb3d,,,,1,.xlsx,848020
evmimplementationhandbook-1-1.pdf,evmimplementationhandbook_-_1_-_1.pdf,ref1/evmimplementationhandbook-1-1.pdf,,,evmimplementationhandbook_-_1_-_1.pdf,Methodology and reporting references,Methodology/reference,KEEP - RENAME OPTIONAL,Retain one canonical payload and its SHA-256. Rename only through a controlled commit.,,6f7da7e5e099d2497a1569156bfb2005884ca2f0dc9e80fefec6c3f64b37ff22,,,,1,.pdf,3215471
INT-02-Advanced-Schedule-Analysis.pdf,INT_-_02_-_Advanced_-_Schedule_-_Analysis.pdf,ref1/INT-02-Advanced-Schedule-Analysis.pdf,,,INT_-_02_-_Advanced_-_Schedule_-_Analysis.pdf,Methodology and reporting references,Methodology/reference,KEEP - RENAME OPTIONAL,Retain one canonical payload and its SHA-256. Rename only through a controlled commit.,,1eafe822ff106f7fe6d11f7edb8cea2ebfc8f4ddb049d5488202e1375d9807f5,,,,1,.pdf,806741
nasa-ibr-handbook-5-1.pdf,nasa_-_ibr_-_handbook_-_5_-_1.pdf,ref1/nasa-ibr-handbook-5-1.pdf,,,nasa_-_ibr_-_handbook_-_5_-_1.pdf,Methodology and reporting references,Methodology/reference,KEEP - RENAME OPTIONAL,Retain one canonical payload and its SHA-256. Rename only through a controlled commit.,,fd1b310f4b4e3f45a982b627eac0faf06d240cbd063520c29406c794a039e7a9,,,,1,.pdf,2694054
nasa-wbs-handbook.pdf,nasa_-_wbs_-_handbook.pdf,ref1/nasa-wbs-handbook.pdf,,,nasa_-_wbs_-_handbook.pdf,Methodology and reporting references,Methodology/reference,KEEP - RENAME OPTIONAL,Retain one canonical payload and its SHA-256. Rename only through a controlled commit.,,90f63f49ed287c059c5fce37788ff11cda2dd005d0c806b3a5040b0b49126db7,,,,1,.pdf,4388576
pm-handbook-nasa-sp-2014-3705-2024jun.pdf,pm_-_handbook_-_nasa_-_sp_-_2014_-_3705_-_2024jun.pdf,ref1/pm-handbook-nasa-sp-2014-3705-2024jun.pdf,,,pm_-_handbook_-_nasa_-_sp_-_2014_-_3705_-_2024jun.pdf,Methodology and reporting references,Methodology/reference,KEEP - RENAME OPTIONAL,Retain one canonical payload and its SHA-256. Rename only through a controlled commit.,,42c68ad040389875aabc9cb92a4155337f9c58d1571feb684c0c037022fd6e61,,,,1,.pdf,11248846
ppc-handbook-1-5-17.pdf,ppc_-_handbook_-_1_-_5_-_17.pdf,ref1/ppc-handbook-1-5-17.pdf,,,ppc_-_handbook_-_1_-_5_-_17.pdf,Methodology and reporting references,Methodology/reference,KEEP - RENAME OPTIONAL,Retain one canonical payload and its SHA-256. Rename only through a controlled commit.,,d36d9776cb1b2b4520b4dac449ad425d3ec3ebe7ffaa36054e5cf1d5dc7f3438,,,,1,.pdf,4581125
schedule-management-handbook-20240315-update.pdf,schedule_-_management_-_handbook_-_20240315_-_update.pdf,ref1/schedule-management-handbook-20240315-update.pdf,,,schedule_-_management_-_handbook_-_20240315_-_update.pdf,Methodology and reporting references,Methodology/reference,KEEP - RENAME OPTIONAL,Retain one canonical payload and its SHA-256. Rename only through a controlled commit.,,e6b25f83cde9aee1f81232b92b3fce21c04ed00c4eb19c2a900f853159996d83,,,,1,.pdf,27045411
sopi_6.0_final.pdf,sopi_6.0_final.pdf,ref1/sopi_6.0_final.pdf,,,sopi_6.0_final.pdf,Methodology and reporting references,Methodology/reference,KEEP - RENAME OPTIONAL,Retain one canonical payload and its SHA-256. Rename only through a controlled commit.,,b9105a99df970143456239f94bf88ab81e8f1255675baf2417be681b2ba57f9a,,,,1,.pdf,1421384
SP-20240014019.pdf,SP_-_20240014019.pdf,ref1/SP-20240014019.pdf,,,SP_-_20240014019.pdf,Methodology and reporting references,Methodology/reference,KEEP - RENAME OPTIONAL,Retain one canonical payload and its SHA-256. Rename only through a controlled commit.,,31360e10aa89bd28a6ebd02e1bb91fe9104fc6a25afb307b0b7d1025d712c775,,,,1,.pdf,14471540
SP-20240014326.pdf,SP_-_20240014326.pdf,ref1/SP-20240014326.pdf,,,SP_-_20240014326.pdf,Methodology and reporting references,Methodology/reference,KEEP - RENAME OPTIONAL,Retain one canonical payload and its SHA-256. Rename only through a controlled commit.,,4cd6b6d0afd1c0f21e1c4b3593319532ce1087522233be6036a484efae80aa11,,,,1,.pdf,6669330
srb-handbook-official-rev-c-202301243-final-v2.pdf,srb_-_handbook_-_official_-_rev_-_c_-_202301243_-_final_-_v2.pdf,ref1/srb-handbook-official-rev-c-202301243-final-v2.pdf,,,srb_-_handbook_-_official_-_rev_-_c_-_202301243_-_final_-_v2.pdf,Methodology and reporting references,Methodology/reference,KEEP - RENAME OPTIONAL,Retain one canonical payload and its SHA-256. Rename only through a controlled commit.,,73c0a47635465b31be964a532be1ae150be982e9f5263fa188061d1fc046608f,,,,1,.pdf,1193319
"Concepts, Methods & Techniques.docx","Concepts,_Methods_&_Techniques.docx","ref1/Concepts, Methods & Techniques.docx",,,"Concepts,_Methods_&_Techniques.docx",Methodology and reporting references,Narrative/report/reference,KEEP - RENAME OPTIONAL,Retain one canonical payload and its SHA-256. Rename only through a controlled commit.,,272662cf43015e28d4db365c9425b3daebc9acc7ac9a4a8533fe67035795d34c,,,,1,.docx,44316
mf MA-IMS.docx,mf_MA_-_IMS.docx,ref1/mf MA-IMS.docx,,,mf_MA_-_IMS.docx,Methodology and reporting references,Narrative/report/reference,KEEP - RENAME OPTIONAL,Retain one canonical payload and its SHA-256. Rename only through a controlled commit.,,33cf65f82f309d3d236f814262ff4e5d7ace782fc2eb40514620ee4bc748bea4,,,,1,.docx,42138
smp-template-20200225.docx,smp_-_template_-_20200225.docx,ref1/smp-template-20200225.docx,,,smp_-_template_-_20200225.docx,Methodology and reporting references,Narrative/report/reference,KEEP - RENAME OPTIONAL,Retain one canonical payload and its SHA-256. Rename only through a controlled commit.,,b522a173071325ba189fe822b30e6e4607f7a9cf5608a8672052a73773add7ba,,,,1,.docx,44826
P2-P5.afw,P2_P5_ACUMEN_WORKSPACE__SHA-7b261545.afw,ref1/.mpp test files/Project2 - Project5/P2-P5.afw,,,P2_P5_ACUMEN_WORKSPACE.afw,Project2–Project5 progression,Acumen Fuse workspace,KEEP - RENAME OPTIONAL,Retain one canonical payload and its SHA-256. Rename only through a controlled commit.,Exact duplicate payload has 5 paths; retain one canonical copy and aliases only in manifest. | Binary Fuse workspace is not a metric result by itself; pair with exported XLSX reports and exact Fuse settings/version.,7b261545c752ba1043de51a3dd74ae3b62736b9ed106616b55b42a4a9b266ab3,,,,5,.afw,579170
2345.afw,P2_P5_ACUMEN_WORKSPACE__SHA-77118341.afw,ref2/2345.afw,,,P2_P5_ACUMEN_WORKSPACE.afw,Project2–Project5 progression,Acumen Fuse workspace,KEEP - RENAME OPTIONAL,Retain one canonical payload and its SHA-256. Rename only through a controlled commit.,Exact duplicate payload has 2 paths; retain one canonical copy and aliases only in manifest. | Binary Fuse workspace is not a metric result by itself; pair with exported XLSX reports and exact Fuse settings/version.,7711834145930d2379fd3d6f43ad05fa5d5f233f1b900cbbf4bf8982648149ac,,,,2,.afw,624571
2345 - Quick Add Metrics.xlsx,P2_P5_ACUMEN_QUICK_ADD__SHA-2998180e.xlsx,ref1/.mpp test files/2-3-4-5/2345 - Quick Add Metrics.xlsx,,,P2_P5_ACUMEN_QUICK_ADD.xlsx,Project2–Project5 progression,Acumen Quick Add/ribbon oracle,KEEP - RENAME OPTIONAL,Retain one canonical payload and its SHA-256. Rename only through a controlled commit.,Exact duplicate payload has 6 paths; retain one canonical copy and aliases only in manifest.,2998180e0550ae931c41121a41ee777246a5a60260030de78bc13d5dcad2da3b,,,,6,.xlsx,60893
2v51 - Quick Add Metrics .xlsx,P2_P5_ACUMEN_QUICK_ADD__SHA-bc11dfd7.xlsx,ref1/.mpp test files/Project2 - Project5/2 vs 5/2v51 - Quick Add Metrics .xlsx,,,P2_P5_ACUMEN_QUICK_ADD.xlsx,Project2–Project5 progression,Acumen Quick Add/ribbon oracle,KEEP - RENAME OPTIONAL,Retain one canonical payload and its SHA-256. Rename only through a controlled commit.,Inconsistent spacing/punctuation in filename.,bc11dfd70530ce152ad4b1c0d91293bbcb3d9951e2c99f64fbe5a7dc670eeabc,,,,1,.xlsx,15223
2v52 - Quick Add Metrics.xlsx,P2_P5_ACUMEN_QUICK_ADD__SHA-67139c19.xlsx,ref1/.mpp test files/Project2 - Project5/2 vs 5/2v52 - Quick Add Metrics.xlsx,,,P2_P5_ACUMEN_QUICK_ADD.xlsx,Project2–Project5 progression,Acumen Quick Add/ribbon oracle,KEEP - RENAME OPTIONAL,Retain one canonical payload and its SHA-256. Rename only through a controlled commit.,,67139c19a86cc935c3b1e581c3aa88b87e21c3f644af3b39c2b86e4a7da6e942,,,,1,.xlsx,110177
P-P5 - Quick Add Metrics .xlsx,P2_P5_ACUMEN_QUICK_ADD__SHA-e2c881f4.xlsx,ref1/.mpp test files/Project2 - Project5/P-P5 - Quick Add Metrics .xlsx,,,P2_P5_ACUMEN_QUICK_ADD.xlsx,Project2–Project5 progression,Acumen Quick Add/ribbon oracle,KEEP - RENAME OPTIONAL,Retain one canonical payload and its SHA-256. Rename only through a controlled commit.,Exact duplicate payload has 3 paths; retain one canonical copy and aliases only in manifest. | Inconsistent spacing/punctuation in filename.,e2c881f4890338c1817f01fe18d912c63c3b90aa80f1f0d3c3fa0361891b0ed7,,,,3,.xlsx,25916
P2-P5 - Quick Add Metrics.xlsx,P2_P5_ACUMEN_QUICK_ADD__SHA-4c4609d8.xlsx,ref1/.mpp test files/Project2 - Project5/P2-P5 - Quick Add Metrics.xlsx,,,P2_P5_ACUMEN_QUICK_ADD.xlsx,Project2–Project5 progression,Acumen Quick Add/ribbon oracle,KEEP - RENAME OPTIONAL,Retain one canonical payload and its SHA-256. Rename only through a controlled commit.,Exact duplicate payload has 3 paths; retain one canonical copy and aliases only in manifest.,4c4609d8dc64e717550653aef10dccf58fdaab76a4b0e875de4367543340e893,,,,3,.xlsx,172439
2v54- Detailed Metric Report.xlsx,P2_P5_ACUMEN_DETAILED_METRICS__SHA-39ac8611.xlsx,ref1/.mpp test files/Project2 - Project5/2 vs 5/2v54- Detailed Metric Report.xlsx,,,P2_P5_ACUMEN_DETAILED_METRICS.xlsx,Project2–Project5 progression,Acumen detailed-metric oracle,KEEP - RENAME OPTIONAL,Retain one canonical payload and its SHA-256. Rename only through a controlled commit.,,39ac8611464085145e7ea698cef061e6e44fa2b70fa9f25639a0fd1224be9012,,,,1,.xlsx,99029
P2-P5 - Detailed Metric Report.xlsx,P2_P5_ACUMEN_DETAILED_METRICS__SHA-e9ecf008.xlsx,ref1/.mpp test files/Project2 - Project5/P2-P5 - Detailed Metric Report.xlsx,,,P2_P5_ACUMEN_DETAILED_METRICS.xlsx,Project2–Project5 progression,Acumen detailed-metric oracle,KEEP - RENAME OPTIONAL,Retain one canonical payload and its SHA-256. Rename only through a controlled commit.,Exact duplicate payload has 3 paths; retain one canonical copy and aliases only in manifest.,e9ecf008be4907a9c0a08829e8812551ebd9d9dbcb470291afef0a02bc362f9b,,,,3,.xlsx,99137
Project2v5 Forensic Analysis Report.xlsx,P2_P5_ACUMEN_FORENSIC_COMPARISON__SHA-c9646ab5.xlsx,ref1/.mpp test files/Project2 - Project5/2 vs 5/Project2v5 Forensic Analysis Report.xlsx,,,P2_P5_ACUMEN_FORENSIC_COMPARISON.xlsx,Project2–Project5 progression,Acumen forensic comparison oracle,KEEP - RENAME OPTIONAL,Retain one canonical payload and its SHA-256. Rename only through a controlled commit.,,c9646ab58c78b304f4132fcbe0a0ab958273d7be067aaf3cbd5503a6ddcc7e70,,,,1,.xlsx,81318
Project2 vs Project5_TAMPERED Forensic Analysis Report.xlsx,P2_P5_ACUMEN_FORENSIC_COMPARISON__SHA-c0aebbc7.xlsx,ref2/Project2 vs Project5_TAMPERED Forensic Analysis Report.xlsx,,,P2_P5_ACUMEN_FORENSIC_COMPARISON.xlsx,Project2–Project5 progression,Acumen forensic comparison oracle,KEEP - RENAME OPTIONAL,Retain one canonical payload and its SHA-256. Rename only through a controlled commit.,,c0aebbc7d2868821d09471a10d7c84a566f6826acf43324f4552303f90bba19c,,,,1,.xlsx,82315
2345 - Metric History Report.xlsx,P2_P5_ACUMEN_METRIC_HISTORY__SHA-ced819b4.xlsx,ref1/.mpp test files/2-3-4-5/2345 - Metric History Report.xlsx,,,P2_P5_ACUMEN_METRIC_HISTORY.xlsx,Project2–Project5 progression,Acumen metric-history oracle,KEEP - RENAME OPTIONAL,Retain one canonical payload and its SHA-256. Rename only through a controlled commit.,Exact duplicate payload has 6 paths; retain one canonical copy and aliases only in manifest.,ced819b404d9530b4e9a450a01470db62a0ae51a871766a6a90627fc7761a2e1,,,,6,.xlsx,25820
2v55 - Metric History Report.xlsx,P2_P5_ACUMEN_METRIC_HISTORY__SHA-02995800.xlsx,ref1/.mpp test files/Project2 - Project5/2 vs 5/2v55 - Metric History Report.xlsx,,,P2_P5_ACUMEN_METRIC_HISTORY.xlsx,Project2–Project5 progression,Acumen metric-history oracle,KEEP - RENAME OPTIONAL,Retain one canonical payload and its SHA-256. Rename only through a controlled commit.,,02995800349535e19a0f0c5c41caed299ad5c6d6506e0f282fd12b8cd50d895f,,,,1,.xlsx,20238
P2-P5 - Metric History Report.xlsx,P2_P5_ACUMEN_METRIC_HISTORY__SHA-a67a9887.xlsx,ref1/.mpp test files/Project2 - Project5/P2-P5 - Metric History Report.xlsx,,,P2_P5_ACUMEN_METRIC_HISTORY.xlsx,Project2–Project5 progression,Acumen metric-history oracle,KEEP - RENAME OPTIONAL,Retain one canonical payload and its SHA-256. Rename only through a controlled commit.,Exact duplicate payload has 3 paths; retain one canonical copy and aliases only in manifest.,a67a98878323401b99059e67ede3dafa95fb6d6c67b368986bcd5d1bd544b46b,,,,3,.xlsx,20217
2345 - DCMA Report.xlsx,P2_P5_ACUMEN_SUMMARY_DCMA__SHA-e71f0e78.xlsx,ref1/.mpp test files/2-3-4-5/2345 - DCMA Report.xlsx,,,P2_P5_ACUMEN_SUMMARY_DCMA.xlsx,Project2–Project5 progression,Acumen summary/DCMA oracle,KEEP - RENAME OPTIONAL,Retain one canonical payload and its SHA-256. Rename only through a controlled commit.,Exact duplicate payload has 6 paths; retain one canonical copy and aliases only in manifest.,e71f0e78387cda41be11c0c917f6dd3e5debcbfa78fa38ac782a8f6859ecdf57,,,,6,.xlsx,629859
2v53 - DCMA Report.xlsx,P2_P5_ACUMEN_SUMMARY_DCMA__SHA-c6c91a48.xlsx,ref1/.mpp test files/Project2 - Project5/2 vs 5/2v53 - DCMA Report.xlsx,,,P2_P5_ACUMEN_SUMMARY_DCMA.xlsx,Project2–Project5 progression,Acumen summary/DCMA oracle,KEEP - RENAME OPTIONAL,Retain one canonical payload and its SHA-256. Rename only through a controlled commit.,,c6c91a48a2fd92b7597251e9e14947227a728437ca6c32fa37e1ebbc9a4f982a,,,,1,.xlsx,603626
P2-P5 - DCMA Report.xlsx,P2_P5_ACUMEN_SUMMARY_DCMA__SHA-9b9deed4.xlsx,ref1/.mpp test files/Project2 - Project5/P2-P5 - DCMA Report.xlsx,,,P2_P5_ACUMEN_SUMMARY_DCMA.xlsx,Project2–Project5 progression,Acumen summary/DCMA oracle,KEEP - RENAME OPTIONAL,Retain one canonical payload and its SHA-256. Rename only through a controlled commit.,Exact duplicate payload has 3 paths; retain one canonical copy and aliases only in manifest.,9b9deed4365c5717eea09ae12ce9d896bdfc1beb868f8839365a7f08f0f3cb5c,,,,3,.xlsx,603625
2345.zip,2345.zip,ref1/.mpp test files/2-3-4-5/2345.zip,,,2345.zip,Project2–Project5 progression,Archive container,EXCLUDE AFTER VALIDATION,Archive container; extracted members are available,Archive duplicates extracted contents and should not be loaded as an analysis input.,c616c0f859e4ab88787d11a9828378b68cf72dba5efc7fee6b2252c68b252e6a,,,,1,.zip,4603788
P2-P5 - DCMA Report.zip,P2_-_P5_-_DCMA_Report.zip,ref2/test files_EXTRACTED/Project2 - Project5/P2-P5 - DCMA Report.zip,,,P2_-_P5_-_DCMA_Report.zip,Project2–Project5 progression,Archive container,EXCLUDE AFTER VALIDATION,Archive container; extracted members are available; Nested extracted copy,Nested archive extraction copy; not an independent oracle. | Archive duplicates extracted contents and should not be loaded as an analysis input.,ea5f4fda8eba61f8deeea460802ecca811b59c7004e6bac2487f241d93a0d165,,,,1,.zip,1638271
2v5 - Quick Add Metrics.docx,2v5_-_Quick_Add_Metrics.docx,ref1/.mpp test files/Project2 - Project5/2 vs 5/2v5 - Quick Add Metrics.docx,,,2v5_-_Quick_Add_Metrics.docx,Project2–Project5 progression,Narrative/report/reference,KEEP - RENAME OPTIONAL,Retain one canonical payload and its SHA-256. Rename only through a controlled commit.,,a51f3788971eb10a1f02c71b1be869fa47ec8c9a3fcccf33e44330bcb8326812,,,,1,.docx,31677
Project5_TAMPERED_UID_67_Directional_Path_Analysis_2026-7-8-8-19-10.xlsx,P5_TAMPERED_UID67_SSI_DRIVING_PATH_20260708_081910.xlsx,ref2/Project5_TAMPERED_UID_67_Directional_Path_Analysis_2026-7-8-8-19-10.xlsx,,,P5_TAMPERED_UID67_SSI_DRIVING_PATH_20260708_081910.xlsx,Project2–Project5 progression,SSI directional-path oracle,KEEP - RENAME OPTIONAL,Retain one canonical payload and its SHA-256. Rename only through a controlled commit.,,834e68133874ce73d67bf7d4edf58af5d54a03bf5136b8ed577981b9415210c3,,,,1,.xlsx,11423
UID_145_Directional_Path_Analysis_2026-6-22-11-35-10.xlsx,P5_TAMPERED_UID145_SSI_DRIVING_PATH_20260622_113510.xlsx,ref2/UID_145_Directional_Path_Analysis_2026-6-22-11-35-10.xlsx,,,P5_TAMPERED_UID145_SSI_DRIVING_PATH_20260622_113510.xlsx,Project2–Project5 progression,SSI directional-path oracle,KEEP - RENAME OPTIONAL,Retain one canonical payload and its SHA-256. Rename only through a controlled commit.,,3c0e7c35b0aba8a6d7c1240210819529f45aeba7d10d9e3bc5758632bfdb80b7,,,,1,.xlsx,17216
UID_145_Directional_Path_Analysis_2026-6-23-12-28-46.xlsx,P5_TAMPERED_UID145_SSI_DRIVING_PATH_20260623_122846.xlsx,ref2/UID_145_Directional_Path_Analysis_2026-6-23-12-28-46.xlsx,,,P5_TAMPERED_UID145_SSI_DRIVING_PATH_20260623_122846.xlsx,Project2–Project5 progression,SSI directional-path oracle,KEEP - RENAME OPTIONAL,Retain one canonical payload and its SHA-256. Rename only through a controlled commit.,,c4a48fa436e9c3452cf4fbc70367d9962bf81bd16211f617229db643a05faba0,,,,1,.xlsx,11110
UID_145_Directional_Path_Analysis_All_Dependencies_2026-6-23-12-37-10.xlsx,P5_TAMPERED_UID145_SSI_ALL_DEPENDENCIES_20260623_123710.xlsx,ref2/UID_145_Directional_Path_Analysis_All_Dependencies_2026-6-23-12-37-10.xlsx,,,P5_TAMPERED_UID145_SSI_ALL_DEPENDENCIES_20260623_123710.xlsx,Project2–Project5 progression,SSI directional-path oracle,KEEP - RENAME OPTIONAL,Retain one canonical payload and its SHA-256. Rename only through a controlled commit.,,bdeb7a0b6fa6b5fc9cb408c935a877ffe7448407e2457f692931111ef6e342a9,,,,1,.xlsx,17237
Project3.mpp,Project3.mpp,ref1/.mpp test files/2-3-4-5/Project3.mpp,,,Project3.mpp,Project2–Project5 progression,Schedule input,KEEP - RENAME OPTIONAL,Retain one canonical payload and its SHA-256. Rename only through a controlled commit.,Exact duplicate payload has 10 paths; retain one canonical copy and aliases only in manifest.,66da8e7d58cb592b84b49b6245460c14a0122043ebce48654c0df289a16ab5bd,,,,10,.mpp,691712
Project4.mpp,Project4.mpp,ref1/.mpp test files/2-3-4-5/Project4.mpp,,,Project4.mpp,Project2–Project5 progression,Schedule input,KEEP - RENAME OPTIONAL,Retain one canonical payload and its SHA-256. Rename only through a controlled commit.,Exact duplicate payload has 10 paths; retain one canonical copy and aliases only in manifest.,0348c097889898b939fbff7c02fa98cdab1548622c5ace0bc7fb3f94e2c02baf,,,,10,.mpp,692224
Project5_TAMPERED.mpp,Project5_TAMPERED__SHA-5563d2e0.mpp,ref1/.mpp test files/2-3-4-5/Project5_TAMPERED.mpp,,,Project5_TAMPERED.mpp,Project2–Project5 progression,Schedule input,KEEP - RENAME OPTIONAL,Retain one canonical payload and its SHA-256. Rename only through a controlled commit.,Exact duplicate payload has 12 paths; retain one canonical copy and aliases only in manifest.,5563d2e0492027ed6531de9b8284269abca39537da53cf10f30254f455a54337,,,,12,.mpp,817152
Project5.mpp,Project5.mpp,ref1/.mpp test files/Project 1-5/Project5.mpp,,,Project5.mpp,Project2–Project5 progression,Schedule input,KEEP - RENAME OPTIONAL,Retain one canonical payload and its SHA-256. Rename only through a controlled commit.,,0d1ab6f3b684143d5ca547afcd06f12ccbf3acab2fc9a0ee465a1a456252f818,,,,1,.mpp,817152
Project5_TAMPERED.mpp,Project5_TAMPERED__SHA-b58d567b.mpp,ref1/.mpp test files/Project 1-5/Project5_TAMPERED.mpp,,,Project5_TAMPERED.mpp,Project2–Project5 progression,Schedule input,KEEP - RENAME OPTIONAL,Retain one canonical payload and its SHA-256. Rename only through a controlled commit.,,b58d567b6b957ceb253213e8e021272a484fdb8191d695be5f691e0000798c30,,,,1,.mpp,817152
Project5_TAMPERED.mpp,Project5_TAMPERED__SHA-f20d2fb2.mpp,ref1/.mpp test files/Project2 - Project5/2 vs 5/Project5_TAMPERED.mpp,,,Project5_TAMPERED.mpp,Project2–Project5 progression,Schedule input,KEEP - RENAME OPTIONAL,Retain one canonical payload and its SHA-256. Rename only through a controlled commit.,,f20d2fb2c2384441ca0490468373f353e4c18294e03fb911416d7a31a164bb28,,,,1,.mpp,817152
00_REFERENCE_INTAKEmppProject2.mpp,00_REFERENCE_INTAKEmppProject2.mpp,ref1/00_REFERENCE_INTAKEmppProject2.mpp,,,00_REFERENCE_INTAKEmppProject2.mpp,Project2–Project5 progression,Schedule input,KEEP - RENAME OPTIONAL,Retain one canonical payload and its SHA-256. Rename only through a controlled commit.,Exact duplicate payload has 15 paths; retain one canonical copy and aliases only in manifest.,2fcdad6143ab5ddfac592cf6bda3798c7733a78e8332e3c73357e6145cdf1cfd,,,,15,.mpp,691712
Project2(Duration Bomb).mpp,Project2(Duration_Bomb).mpp,ref1/Project2(Duration Bomb).mpp,,,Project2(Duration_Bomb).mpp,Project2–Project5 progression,Schedule input,KEEP - RENAME OPTIONAL,Retain one canonical payload and its SHA-256. Rename only through a controlled commit.,Exact duplicate payload has 4 paths; retain one canonical copy and aliases only in manifest.,720f481ebc43182d4783080794eb263b263e9d772c4d882d336a380fb6fc7150,,,,4,.mpp,478208
Project5_TAMPERED UI WBS Levels.mpp,Project5_TAMPERED_UI_WBS_Levels.mpp,ref1/Project5_TAMPERED UI WBS Levels.mpp,,,Project5_TAMPERED_UI_WBS_Levels.mpp,Project2–Project5 progression,Schedule input,KEEP - RENAME OPTIONAL,Retain one canonical payload and its SHA-256. Rename only through a controlled commit.,,ded2e4d9b321e4c3f4ba2eb88ec7c9141ab3221fc006a1931b80f7286ac18e32,,,,1,.mpp,716288
sra-ssi-setup.json,sra_-_ssi_-_setup.json,ref2/sra-ssi-setup.json,,,sra_-_ssi_-_setup.json,Schedule Risk Analysis set,Configuration/output data,KEEP - RENAME OPTIONAL,Retain one canonical payload and its SHA-256. Rename only through a controlled commit.,,0a7701cbe02a3411e60d631c2a2ce2567f2e6fa44db90798de469df8bb56dcd6,,,,1,.json,46285
106 Advanced Schedule RiskPresentation Lisbon.ppt,106_Advanced_Schedule_RiskPresentation_Lisbon.ppt,ref1/106 Advanced Schedule RiskPresentation Lisbon.ppt,,,106_Advanced_Schedule_RiskPresentation_Lisbon.ppt,Schedule Risk Analysis set,Methodology/reference,KEEP - RENAME OPTIONAL,Retain one canonical payload and its SHA-256. Rename only through a controlled commit.,,e87cb4a64a368109a35223eca74efba6ce8d3190827f279eef600529a6bb0ea4,,,,1,.ppt,875520
sra-report January 2026.docx,sra_-_report_January_2026.docx,ref2/sra-report January 2026.docx,,,sra_-_report_January_2026.docx,Schedule Risk Analysis set,Narrative/report/reference,KEEP - RENAME OPTIONAL,Retain one canonical payload and its SHA-256. Rename only through a controlled commit.,,822b17053f23b57023cbeb1b73e46b25a5e63378eaa6eb841f075501fe76f85b,,,,1,.docx,9589
sra-report.docx,sra_-_report.docx,ref2/sra-report.docx,,,sra_-_report.docx,Schedule Risk Analysis set,Narrative/report/reference,KEEP - RENAME OPTIONAL,Retain one canonical payload and its SHA-256. Rename only through a controlled commit.,,f07bddab86cc90fb25a48f143da968e8b8a3e00c34af50244bff612d8f911948,,,,1,.docx,30045
SRA Risk - Project5_TAMPERED - SRA.xlsx,SRA_Risk_-_Project5_TAMPERED_-_SRA.xlsx,ref2/SRA Risk - Project5_TAMPERED - SRA.xlsx,,,SRA_Risk_-_Project5_TAMPERED_-_SRA.xlsx,Schedule Risk Analysis set,SSI/SRA output oracle,KEEP - RENAME OPTIONAL,Retain one canonical payload and its SHA-256. Rename only through a controlled commit.,,bcc86d136d481d1f99e261aadfde754d0aef68f91a179b218840c34c7357360d,,,,1,.xlsx,17442
SRA Sensitivity Analysis.xlsx,SRA_Sensitivity_Analysis.xlsx,ref2/SRA Sensitivity Analysis.xlsx,,,SRA_Sensitivity_Analysis.xlsx,Schedule Risk Analysis set,SSI/SRA output oracle,KEEP - RENAME OPTIONAL,Retain one canonical payload and its SHA-256. Rename only through a controlled commit.,,b77cc5ef833cfbc2bf0f0f59d6a58827e069e623bde989310310224d5f0eefaa,,,,1,.xlsx,13257
sra-ssi (January 2026).xlsx,sra_-_ssi_(January_2026).xlsx,ref2/sra-ssi (January 2026).xlsx,,,sra_-_ssi_(January_2026).xlsx,Schedule Risk Analysis set,SSI/SRA output oracle,KEEP - RENAME OPTIONAL,Retain one canonical payload and its SHA-256. Rename only through a controlled commit.,,601acf54af1dd9b3f6f9b1e52a1aa7c5c12c991e7a9d7e078a40fdd9ae7fe6ba,,,,1,.xlsx,6499
sra-ssi.xlsx,sra_-_ssi.xlsx,ref2/sra-ssi.xlsx,,,sra_-_ssi.xlsx,Schedule Risk Analysis set,SSI/SRA output oracle,KEEP - RENAME OPTIONAL,Retain one canonical payload and its SHA-256. Rename only through a controlled commit.,,b05c62921daa901eecb33de885a32a0e104e143cbc219e225fa53b862b31c223,,,,1,.xlsx,17054
SRA Risk - Project5_TAMPERED.mpp,SRA_Risk_-_Project5_TAMPERED.mpp,ref1/SRA Risk - Project5_TAMPERED.mpp,,,SRA_Risk_-_Project5_TAMPERED.mpp,Schedule Risk Analysis set,Schedule input,KEEP - RENAME OPTIONAL,Retain one canonical payload and its SHA-256. Rename only through a controlled commit.,,c23b9ad655a09d97bce0d9c18b7b003e820323db966a5238645fe8737146ed61,,,,1,.mpp,905728
SRA Risk - TEST FILE - Project5_TAMPERED.mpp,SRA_Risk_-_TEST_FILE_-_Project5_TAMPERED.mpp,ref1/SRA Risk - TEST FILE - Project5_TAMPERED.mpp,,,SRA_Risk_-_TEST_FILE_-_Project5_TAMPERED.mpp,Schedule Risk Analysis set,Schedule input,KEEP - RENAME OPTIONAL,Retain one canonical payload and its SHA-256. Rename only through a controlled commit.,,4c0bf07c6fbcd1c549726c69161c7178a477693ddeb814b361d53d85ec0ecf8e,,,,1,.mpp,885248
TP - Quick Add Metrics.xlsx,UNASSIGNED_CROSS_CUTTING_ACUMEN_QUICK_ADD__SHA-f3892e14.xlsx,ref1/.mpp test files/2-3-4-5/TP - Quick Add Metrics.xlsx,,,UNASSIGNED_CROSS_CUTTING_ACUMEN_QUICK_ADD.xlsx,TP1–TP3 synthetic battery,Acumen Quick Add/ribbon oracle,KEEP - RENAME OPTIONAL,Retain one canonical payload and its SHA-256. Rename only through a controlled commit.,Exact duplicate payload has 6 paths; retain one canonical copy and aliases only in manifest.,f3892e14d57bfd1179e671257e15dda7afc13fef5e68673d0e7a7796f247c15c,,,,6,.xlsx,33739
TP1 - Quick Add Metrics.xlsx,TP1_TP3_ACUMEN_QUICK_ADD__SHA-b7ddae1e.xlsx,ref1/.mpp test files/2-3-4-5/TP1 - Quick Add Metrics.xlsx,,,TP1_TP3_ACUMEN_QUICK_ADD.xlsx,TP1–TP3 synthetic battery,Acumen Quick Add/ribbon oracle,KEEP - RENAME OPTIONAL,Retain one canonical payload and its SHA-256. Rename only through a controlled commit.,Exact duplicate payload has 6 paths; retain one canonical copy and aliases only in manifest.,b7ddae1ecbdf751b88173310c4e4320d2e81ac5ddf3a9407340c61dd435d2ce3,,,,6,.xlsx,24313
TP23- Quick Add Metrics.xlsx,TP1_TP3_ACUMEN_QUICK_ADD__SHA-dd0b10b5.xlsx,ref1/.mpp test files/2-3-4-5/TP23- Quick Add Metrics.xlsx,,,TP1_TP3_ACUMEN_QUICK_ADD.xlsx,TP1–TP3 synthetic battery,Acumen Quick Add/ribbon oracle,KEEP - RENAME OPTIONAL,Retain one canonical payload and its SHA-256. Rename only through a controlled commit.,Exact duplicate payload has 6 paths; retain one canonical copy and aliases only in manifest.,dd0b10b51703225667213b5de9efb3686e5e36a6f82bab1a72077c2c1271d7d4,,,,6,.xlsx,29540
TP- Detailed Metric Report.xlsx,TP1_TP3_ACUMEN_DETAILED_METRICS__SHA-046d7bee.xlsx,ref1/.mpp test files/2-3-4-5/TP- Detailed Metric Report.xlsx,,,TP1_TP3_ACUMEN_DETAILED_METRICS.xlsx,TP1–TP3 synthetic battery,Acumen detailed-metric oracle,KEEP - RENAME OPTIONAL,Retain one canonical payload and its SHA-256. Rename only through a controlled commit.,Exact duplicate payload has 6 paths; retain one canonical copy and aliases only in manifest.,046d7bee6b19c976c1627894cdbfc1e47f1ab319ce17d010741c040f1b01e95b,,,,6,.xlsx,82283
TP1 - Detailed Metric Report.xlsx,TP1_TP3_ACUMEN_DETAILED_METRICS__SHA-70667e7b.xlsx,ref1/.mpp test files/2-3-4-5/TP1 - Detailed Metric Report.xlsx,,,TP1_TP3_ACUMEN_DETAILED_METRICS.xlsx,TP1–TP3 synthetic battery,Acumen detailed-metric oracle,KEEP - RENAME OPTIONAL,Retain one canonical payload and its SHA-256. Rename only through a controlled commit.,Exact duplicate payload has 6 paths; retain one canonical copy and aliases only in manifest.,70667e7b7c2e47424b614ef74828af72779cdf0b2377ed80987797b3af8b8998,,,,6,.xlsx,26919
TP23- Detailed Metric Report.xlsx,TP1_TP3_ACUMEN_DETAILED_METRICS__SHA-a6a915c2.xlsx,ref1/.mpp test files/2-3-4-5/TP23- Detailed Metric Report.xlsx,,,TP1_TP3_ACUMEN_DETAILED_METRICS.xlsx,TP1–TP3 synthetic battery,Acumen detailed-metric oracle,KEEP - RENAME OPTIONAL,Retain one canonical payload and its SHA-256. Rename only through a controlled commit.,Exact duplicate payload has 6 paths; retain one canonical copy and aliases only in manifest.,a6a915c261d36e58d19f13ed1d113834ac97fbeab5c3529e5039f2aaba23dcee,,,,6,.xlsx,39793
TP - Metric History Report.xlsx,UNASSIGNED_CROSS_CUTTING_ACUMEN_METRIC_HISTORY__SHA-b28278de.xlsx,ref1/.mpp test files/2-3-4-5/TP - Metric History Report.xlsx,,,UNASSIGNED_CROSS_CUTTING_ACUMEN_METRIC_HISTORY.xlsx,TP1–TP3 synthetic battery,Acumen metric-history oracle,KEEP - RENAME OPTIONAL,Retain one canonical payload and its SHA-256. Rename only through a controlled commit.,Exact duplicate payload has 6 paths; retain one canonical copy and aliases only in manifest.,b28278de9f7b595b21d1082138e153ab39b6ba8699044fcd565945b39794d5b5,,,,6,.xlsx,26970
TP1 - Metric History Report.xlsx,TP1_TP3_ACUMEN_METRIC_HISTORY__SHA-57b72a4a.xlsx,ref1/.mpp test files/2-3-4-5/TP1 - Metric History Report.xlsx,,,TP1_TP3_ACUMEN_METRIC_HISTORY.xlsx,TP1–TP3 synthetic battery,Acumen metric-history oracle,KEEP - RENAME OPTIONAL,Retain one canonical payload and its SHA-256. Rename only through a controlled commit.,Exact duplicate payload has 6 paths; retain one canonical copy and aliases only in manifest.,57b72a4ad73b7fa43ba25840bf5c2a0d22cd886b7e67bfd052ad326d29666dec,,,,6,.xlsx,17424
TP23- Metric History Report.xlsx,TP1_TP3_ACUMEN_METRIC_HISTORY__SHA-cec52fa2.xlsx,ref1/.mpp test files/2-3-4-5/TP23- Metric History Report.xlsx,,,TP1_TP3_ACUMEN_METRIC_HISTORY.xlsx,TP1–TP3 synthetic battery,Acumen metric-history oracle,KEEP - RENAME OPTIONAL,Retain one canonical payload and its SHA-256. Rename only through a controlled commit.,Exact duplicate payload has 6 paths; retain one canonical copy and aliases only in manifest.,cec52fa201d2de9038c300ae0ce14a491e89fdf29c4042ca5d33a5e47bff8782,,,,6,.xlsx,25257
TP1_Library_Progressed.zip,TP1_Library_Progressed.zip,ref2/TP1_Library_Progressed.zip,,,TP1_Library_Progressed.zip,TP1–TP3 synthetic battery,Archive container,EXCLUDE AFTER VALIDATION,Archive container; extracted members are available,Exact duplicate payload has 2 paths; retain one canonical copy and aliases only in manifest. | Archive duplicates extracted contents and should not be loaded as an analysis input.,3c19fcbf836944547cfe07c48f04b75f8cec939c09e0aedd6e03d58a6a6c87a1,,,,2,.zip,965752
TP1_Library_Progressed.mpp,TP1_Library_Progressed.mpp,ref1/TP1_Library_Progressed.mpp,,,TP1_Library_Progressed.mpp,TP1–TP3 synthetic battery,Schedule input,KEEP - RENAME OPTIONAL,Retain one canonical payload and its SHA-256. Rename only through a controlled commit.,Exact duplicate payload has 4 paths; retain one canonical copy and aliases only in manifest.,56b11cd47c1e6c0bc0014ac4a87da1b35d373f7fac17232eb6b51ddbbe6e3c89,,,,4,.mpp,311296
TP2_Bridge_4x10_Calendar.mpp,TP2_Bridge_4x10_Calendar.mpp,ref1/TP2_Bridge_4x10_Calendar.mpp,,,TP2_Bridge_4x10_Calendar.mpp,TP1–TP3 synthetic battery,Schedule input,KEEP - RENAME OPTIONAL,Retain one canonical payload and its SHA-256. Rename only through a controlled commit.,Exact duplicate payload has 4 paths; retain one canonical copy and aliases only in manifest.,fe6530f3cc713138afcf081cb7a1a4d51c04320e7cf9a832d9c9cc98f8ad5f04,,,,4,.mpp,295936
TP3_Outage_DCMA_Seeded.mpp,TP3_Outage_DCMA_Seeded.mpp,ref1/TP3_Outage_DCMA_Seeded.mpp,,,TP3_Outage_DCMA_Seeded.mpp,TP1–TP3 synthetic battery,Schedule input,KEEP - RENAME OPTIONAL,Retain one canonical payload and its SHA-256. Rename only through a controlled commit.,Exact duplicate payload has 4 paths; retain one canonical copy and aliases only in manifest.,9711f02d96be9ba52294089c5872a02110859b0b4f9ff83a6d4c78038d00aff4,,,,4,.mpp,278528
TP1_Library_Progressed.xml,TP1_Library_Progressed.xml,ref2/TP1_Library_Progressed.xml,,,TP1_Library_Progressed.xml,TP1–TP3 synthetic battery,Schedule input,KEEP - RENAME OPTIONAL,Retain one canonical payload and its SHA-256. Rename only through a controlled commit.,Exact duplicate payload has 4 paths; retain one canonical copy and aliases only in manifest.,43470d9f8232549d53720256f27a2e38c967cabd055c17b800cb6be14c99182c,,,,4,.xml,35608
TP2_Bridge_4x10_Calendar.xml,TP2_Bridge_4x10_Calendar.xml,ref2/TP2_Bridge_4x10_Calendar.xml,,,TP2_Bridge_4x10_Calendar.xml,TP1–TP3 synthetic battery,Schedule input,KEEP - RENAME OPTIONAL,Retain one canonical payload and its SHA-256. Rename only through a controlled commit.,Exact duplicate payload has 4 paths; retain one canonical copy and aliases only in manifest.,8e6116bab150d6316f90dc0f0f3ecdb7a330a5a76fe3a61aaee3a1039a05ae48,,,,4,.xml,26503
TP3_Outage_DCMA_Seeded.xml,TP3_Outage_DCMA_Seeded.xml,ref2/TP3_Outage_DCMA_Seeded.xml,,,TP3_Outage_DCMA_Seeded.xml,TP1–TP3 synthetic battery,Schedule input,KEEP - RENAME OPTIONAL,Retain one canonical payload and its SHA-256. Rename only through a controlled commit.,Exact duplicate payload has 4 paths; retain one canonical copy and aliases only in manifest.,f29b7ef5a4d52ed771b8178d04e3d432322a0b87e45945711a61b455de6b911b,,,,4,.xml,32802
TP4_DataCenter_v2.zip,TP4_DataCenter_v2.zip,ref1/.mpp test files/2-3-4-5/TP4_DataCenter_v2.zip,,,TP4_DataCenter_v2.zip,TP4 Data Center version chain,Archive container,EXCLUDE AFTER VALIDATION,Archive container; extracted members are available,Exact duplicate payload has 3 paths; retain one canonical copy and aliases only in manifest. | Archive duplicates extracted contents and should not be loaded as an analysis input.,b49b6e2561fb3f0bb02bf73bdfb5dcc7dff7f5beadf204cc8a7369f826a07f93,,,,3,.zip,2329831
TP4_DataCenter_v1.mpp,TP4_DataCenter_v1__SHA-45b38405.mpp,ref1/.mpp test files/2-3-4-5/TP4_DataCenter_v1.mpp,,,TP4_DataCenter_v1.mpp,TP4 Data Center version chain,Schedule input,KEEP - RENAME OPTIONAL,Retain one canonical payload and its SHA-256. Rename only through a controlled commit.,Exact duplicate payload has 9 paths; retain one canonical copy and aliases only in manifest.,45b38405ee1412263902fb30674e7b1f705a01f0eb416c8acca1e819a956b1c2,,,,9,.mpp,265216
TP4_DataCenter_v2.mpp,TP4_DataCenter_v2__SHA-f33cb347.mpp,ref1/.mpp test files/2-3-4-5/TP4_DataCenter_v2.mpp,,,TP4_DataCenter_v2.mpp,TP4 Data Center version chain,Schedule input,KEEP - RENAME OPTIONAL,Retain one canonical payload and its SHA-256. Rename only through a controlled commit.,Exact duplicate payload has 9 paths; retain one canonical copy and aliases only in manifest.,f33cb347a92264a120679b889e2f3b8221a449d8bdf07492e928140689fe0ba9,,,,9,.mpp,265216
TP4_DataCenter_v3.mpp,TP4_DataCenter_v3__SHA-ad33b88d.mpp,ref1/.mpp test files/2-3-4-5/TP4_DataCenter_v3.mpp,,,TP4_DataCenter_v3.mpp,TP4 Data Center version chain,Schedule input,KEEP - RENAME OPTIONAL,Retain one canonical payload and its SHA-256. Rename only through a controlled commit.,Exact duplicate payload has 9 paths; retain one canonical copy and aliases only in manifest.,ad33b88d93e826b95486d3b8a7824ee536cb6f97cb7b67572936134330458a1a,,,,9,.mpp,265216
TP4_DataCenter_v4.mpp,TP4_DataCenter_v4__SHA-06da4c11.mpp,ref1/.mpp test files/2-3-4-5/TP4_DataCenter_v4.mpp,,,TP4_DataCenter_v4.mpp,TP4 Data Center version chain,Schedule input,KEEP - RENAME OPTIONAL,Retain one canonical payload and its SHA-256. Rename only through a controlled commit.,Exact duplicate payload has 9 paths; retain one canonical copy and aliases only in manifest.,06da4c11ade16773f97cf7e694402b1a999111101006dcc39b2c0bce1ed4c9bc,,,,9,.mpp,266240
TP4_DataCenter_v5.mpp,TP4_DataCenter_v5__SHA-27c3895d.mpp,ref1/.mpp test files/2-3-4-5/TP4_DataCenter_v5.mpp,,,TP4_DataCenter_v5.mpp,TP4 Data Center version chain,Schedule input,KEEP - RENAME OPTIONAL,Retain one canonical payload and its SHA-256. Rename only through a controlled commit.,Exact duplicate payload has 9 paths; retain one canonical copy and aliases only in manifest.,27c3895d28d74ed20fa8c7c3fa448c9c5a50a3a12ba8ce94e8ae8a4b112edaa8,,,,9,.mpp,265728
TP4_DataCenter_v1.mpp,TP4_DataCenter_v1__SHA-1a398e43.mpp,ref1/.mpp test files/TP4 DataCenter/TP4_DataCenter_v1.mpp,,,TP4_DataCenter_v1.mpp,TP4 Data Center version chain,Schedule input,KEEP - RENAME OPTIONAL,Retain one canonical payload and its SHA-256. Rename only through a controlled commit.,,1a398e434924ba7b6a938c4d45754a678383039cc42dc99462df7ea056e5b546,,,,1,.mpp,310784
TP4_DataCenter_v2.mpp,TP4_DataCenter_v2__SHA-f9204e62.mpp,ref1/.mpp test files/TP4 DataCenter/TP4_DataCenter_v2.mpp,,,TP4_DataCenter_v2.mpp,TP4 Data Center version chain,Schedule input,KEEP - RENAME OPTIONAL,Retain one canonical payload and its SHA-256. Rename only through a controlled commit.,,f9204e6265c3aaf4c7c75c76e42836f2e4809aad542da9d92d7b0c1d70c92a74,,,,1,.mpp,310784
TP4_DataCenter_v3.mpp,TP4_DataCenter_v3__SHA-1ee70f71.mpp,ref1/.mpp test files/TP4 DataCenter/TP4_DataCenter_v3.mpp,,,TP4_DataCenter_v3.mpp,TP4 Data Center version chain,Schedule input,KEEP - RENAME OPTIONAL,Retain one canonical payload and its SHA-256. Rename only through a controlled commit.,,1ee70f710f8dfe2202035c9ece5a7c3cefd3a500737ef0e17f70e6bb7e040ae1,,,,1,.mpp,310784
TP4_DataCenter_v4.mpp,TP4_DataCenter_v4__SHA-df08a33b.mpp,ref1/.mpp test files/TP4 DataCenter/TP4_DataCenter_v4.mpp,,,TP4_DataCenter_v4.mpp,TP4 Data Center version chain,Schedule input,KEEP - RENAME OPTIONAL,Retain one canonical payload and its SHA-256. Rename only through a controlled commit.,,df08a33bcfacae5c945624ece2b6cb4fe77e46b950268051570a4480c045de55,,,,1,.mpp,310272
TP4_DataCenter_v5.mpp,TP4_DataCenter_v5__SHA-b2c11255.mpp,ref1/.mpp test files/TP4 DataCenter/TP4_DataCenter_v5.mpp,,,TP4_DataCenter_v5.mpp,TP4 Data Center version chain,Schedule input,KEEP - RENAME OPTIONAL,Retain one canonical payload and its SHA-256. Rename only through a controlled commit.,,b2c11255fa112bec14f4c85121d2b90f0824ab203351eb9e8d5b0cccd02880e0,,,,1,.mpp,311296
TP4_DataCenter_v1.xml,TP4_DataCenter_v1.xml,ref2/TP4_DataCenter_v1.xml,,,TP4_DataCenter_v1.xml,TP4 Data Center version chain,Schedule input,KEEP - RENAME OPTIONAL,Retain one canonical payload and its SHA-256. Rename only through a controlled commit.,Exact duplicate payload has 4 paths; retain one canonical copy and aliases only in manifest.,b3f06cbde6ca9c3c280f729e10fba261d351b659187527304cbc41dab2804b26,,,,4,.xml,22199
TP4_DataCenter_v2.xml,TP4_DataCenter_v2.xml,ref2/TP4_DataCenter_v2.xml,,,TP4_DataCenter_v2.xml,TP4 Data Center version chain,Schedule input,KEEP - RENAME OPTIONAL,Retain one canonical payload and its SHA-256. Rename only through a controlled commit.,Exact duplicate payload has 4 paths; retain one canonical copy and aliases only in manifest.,1fba86961cd91eb0dc059e5dee7645be5ca57704ac61be5f0cccf492f3e608c1,,,,4,.xml,22748
TP4_DataCenter_v3.xml,TP4_DataCenter_v3.xml,ref2/TP4_DataCenter_v3.xml,,,TP4_DataCenter_v3.xml,TP4 Data Center version chain,Schedule input,KEEP - RENAME OPTIONAL,Retain one canonical payload and its SHA-256. Rename only through a controlled commit.,Exact duplicate payload has 4 paths; retain one canonical copy and aliases only in manifest.,55102caa93dd9c66738f795e9d0dada4514fa5ef1e5c0bdd46636b1362f2fbe9,,,,4,.xml,22966
TP4_DataCenter_v4.xml,TP4_DataCenter_v4.xml,ref2/TP4_DataCenter_v4.xml,,,TP4_DataCenter_v4.xml,TP4 Data Center version chain,Schedule input,KEEP - RENAME OPTIONAL,Retain one canonical payload and its SHA-256. Rename only through a controlled commit.,Exact duplicate payload has 4 paths; retain one canonical copy and aliases only in manifest.,14b380d03d0348ada9ca4a674658dae4ca3a625b2473047fd203d970f5af5d89,,,,4,.xml,23296
TP4_DataCenter_v5.xml,TP4_DataCenter_v5.xml,ref2/TP4_DataCenter_v5.xml,,,TP4_DataCenter_v5.xml,TP4 Data Center version chain,Schedule input,KEEP - RENAME OPTIONAL,Retain one canonical payload and its SHA-256. Rename only through a controlled commit.,Exact duplicate payload has 4 paths; retain one canonical copy and aliases only in manifest.,8625f98841cc37f6eef57c50633bfd98d2fdafe62de653d3898d897eaaf011da,,,,4,.xml,23404
Workbook1 - DCMA Report.xlsx,UNASSIGNED_CROSS_CUTTING_ACUMEN_SUMMARY_DCMA.xlsx,ref2/Workbook1 - DCMA Report.xlsx,,,UNASSIGNED_CROSS_CUTTING_ACUMEN_SUMMARY_DCMA.xlsx,Unassigned / cross-cutting,Acumen summary/DCMA oracle,KEEP - RENAME OPTIONAL,Retain one canonical payload and its SHA-256. Rename only through a controlled commit.,Exact duplicate payload has 3 paths; retain one canonical copy and aliases only in manifest.,d156d2700fe03279ad2f85a1d7484798e50f053fe701c96c5f86170a68dc81c9,,,,3,.xlsx,1113854
test files.zip,test_files.zip,ref2/test files.zip,,,test_files.zip,Unassigned / cross-cutting,Archive container,EXCLUDE AFTER VALIDATION,Archive container; extracted members are available,Archive duplicates extracted contents and should not be loaded as an analysis input.,9e14c396cb0f22e5dfda142f162a3f82cb3b0ec99f2ce245ff43d2653d19ccb5,,,,1,.zip,14775366
Field Map.fieldmap.xml,Field_Map.fieldmap.xml,ref2/Field Map.fieldmap.xml,,,Field_Map.fieldmap.xml,Unassigned / cross-cutting,Field-map metadata,KEEP - RENAME OPTIONAL,Retain one canonical payload and its SHA-256. Rename only through a controlled commit.,,e9cff89caab9b24347694a322e7c8656d57af13d926dbc1b3b4e8fef3694485c,,,,1,.xml,12630
Ai Result Comparision.docx,Ai_Result_Comparison.docx,ref2/Ai Result Comparision.docx,,,Ai_Result_Comparison.docx,Unassigned / cross-cutting,Narrative/report/reference,KEEP - RENAME OPTIONAL,Retain one canonical payload and its SHA-256. Rename only through a controlled commit.,,cf973ce581fabbaf73e4b3a7fb790797fc9b5884886b23c4646f7f2e98483e28,,,,1,.docx,22047
Advanced Cost Uncertainty.jpg,Advanced_Cost_Uncertainty.jpg,ref1/Visuals/Advanced Cost Uncertainty.jpg,,,Advanced_Cost_Uncertainty.jpg,Unassigned / cross-cutting,Settings/visual reference,KEEP - RENAME OPTIONAL,Retain one canonical payload and its SHA-256. Rename only through a controlled commit.,,ed9b29751ee797fd3541f3e23c4fcd092405d93d7dae7ce47b722b94b42fbb95,,,,1,.jpg,21994
HLS Risk Rigistry.jpg,HLS_Risk_Registry.jpg,ref1/Visuals/HLS Risk Rigistry.jpg,,,HLS_Risk_Registry.jpg,Unassigned / cross-cutting,Settings/visual reference,KEEP - RENAME OPTIONAL,Retain one canonical payload and its SHA-256. Rename only through a controlled commit.,,7f1bda010fc3ff46b26eb113b804cd4d4f8200544e777164f327390bbc334ca4,,,,1,.jpg,262872
