association_id,oracle_file_id,oracle_path,vendor,report_type,schedule_file_id,schedule_path,schedule_title,schedule_status_date,score,confidence,source_resolution,evidence,validation
A0001,F0001,ref1/.mpp test files/2-3-4-5/2345 - DCMA Report.xlsx,Acumen Fuse,Acumen DCMA/Summary Report,F0008,ref1/.mpp test files/2-3-4-5/Project3.mpp,Commercial Construction,2026-06-30T17:00,795,confirmed,exact_label_path_best,Acumen embedded project/version label: project3 | embedded version date matches schedule status date,"{""folder_prefix_depth"": 3, ""matched_labels"": [""project3""]}"
A0002,F0001,ref1/.mpp test files/2-3-4-5/2345 - DCMA Report.xlsx,Acumen Fuse,Acumen DCMA/Summary Report,F0009,ref1/.mpp test files/2-3-4-5/Project4.mpp,Commercial Construction,2026-07-29T17:00,795,confirmed,exact_label_path_best,Acumen embedded project/version label: project4 | embedded version date matches schedule status date,"{""folder_prefix_depth"": 3, ""matched_labels"": [""project4""]}"
A0003,F0001,ref1/.mpp test files/2-3-4-5/2345 - DCMA Report.xlsx,Acumen Fuse,Acumen DCMA/Summary Report,F0010,ref1/.mpp test files/2-3-4-5/Project5_TAMPERED.mpp,Commercial Construction,2026-08-27T17:00,675,confirmed,exact_label_path_best,Acumen embedded project/version label: project5 tampered,"{""folder_prefix_depth"": 3, ""matched_labels"": [""project5 tampered""]}"
A0004,F0001,ref1/.mpp test files/2-3-4-5/2345 - DCMA Report.xlsx,Acumen Fuse,Acumen DCMA/Summary Report,F0102,ref1/00_REFERENCE_INTAKEmppProject2.mpp,Commercial Construction,2026-05-24T17:00,625,confirmed,exact_label_path_best,Acumen embedded project/version label: project2,"{""folder_prefix_depth"": 1, ""matched_labels"": [""project2""]}"
A0005,F0002,ref1/.mpp test files/2-3-4-5/2345 - Metric History Report.xlsx,Acumen Fuse,Acumen Metric History Report,F0008,ref1/.mpp test files/2-3-4-5/Project3.mpp,Commercial Construction,2026-06-30T17:00,795,confirmed,exact_label_path_best,Acumen embedded project/version label: project3 | embedded version date matches schedule status date,"{""folder_prefix_depth"": 3, ""matched_labels"": [""project3""]}"
A0006,F0002,ref1/.mpp test files/2-3-4-5/2345 - Metric History Report.xlsx,Acumen Fuse,Acumen Metric History Report,F0009,ref1/.mpp test files/2-3-4-5/Project4.mpp,Commercial Construction,2026-07-29T17:00,795,confirmed,exact_label_path_best,Acumen embedded project/version label: project4 | embedded version date matches schedule status date,"{""folder_prefix_depth"": 3, ""matched_labels"": [""project4""]}"
A0007,F0002,ref1/.mpp test files/2-3-4-5/2345 - Metric History Report.xlsx,Acumen Fuse,Acumen Metric History Report,F0010,ref1/.mpp test files/2-3-4-5/Project5_TAMPERED.mpp,Commercial Construction,2026-08-27T17:00,795,confirmed,exact_label_path_best,Acumen embedded project/version label: project5 tampered | embedded version date matches schedule status date,"{""folder_prefix_depth"": 3, ""matched_labels"": [""project5 tampered""]}"
A0008,F0002,ref1/.mpp test files/2-3-4-5/2345 - Metric History Report.xlsx,Acumen Fuse,Acumen Metric History Report,F0102,ref1/00_REFERENCE_INTAKEmppProject2.mpp,Commercial Construction,2026-05-24T17:00,745,confirmed,exact_label_path_best,Acumen embedded project/version label: project2 | embedded version date matches schedule status date,"{""folder_prefix_depth"": 1, ""matched_labels"": [""project2""]}"
A0009,F0003,ref1/.mpp test files/2-3-4-5/2345 - Quick Add Metrics.xlsx,Acumen Fuse,Acumen Quick Add/Ribbon Export,F0008,ref1/.mpp test files/2-3-4-5/Project3.mpp,Commercial Construction,2026-06-30T17:00,675,confirmed,exact_label_path_best,Acumen embedded project/version label: project3,"{""folder_prefix_depth"": 3, ""matched_labels"": [""project3""]}"
A0010,F0003,ref1/.mpp test files/2-3-4-5/2345 - Quick Add Metrics.xlsx,Acumen Fuse,Acumen Quick Add/Ribbon Export,F0009,ref1/.mpp test files/2-3-4-5/Project4.mpp,Commercial Construction,2026-07-29T17:00,675,confirmed,exact_label_path_best,Acumen embedded project/version label: project4,"{""folder_prefix_depth"": 3, ""matched_labels"": [""project4""]}"
A0011,F0003,ref1/.mpp test files/2-3-4-5/2345 - Quick Add Metrics.xlsx,Acumen Fuse,Acumen Quick Add/Ribbon Export,F0010,ref1/.mpp test files/2-3-4-5/Project5_TAMPERED.mpp,Commercial Construction,2026-08-27T17:00,675,confirmed,exact_label_path_best,Acumen embedded project/version label: project5 tampered,"{""folder_prefix_depth"": 3, ""matched_labels"": [""project5 tampered""]}"
A0012,F0003,ref1/.mpp test files/2-3-4-5/2345 - Quick Add Metrics.xlsx,Acumen Fuse,Acumen Quick Add/Ribbon Export,F0102,ref1/00_REFERENCE_INTAKEmppProject2.mpp,Commercial Construction,2026-05-24T17:00,625,confirmed,exact_label_path_best,Acumen embedded project/version label: project2,"{""folder_prefix_depth"": 1, ""matched_labels"": [""project2""]}"
A0013,F0005,ref1/.mpp test files/2-3-4-5/L12 - Detailed Metric Report.xlsx,Acumen Fuse,Acumen Detailed Metric Report,F0078,ref1/.mpp test files/Large Test File/Large Test File.mpp,Longstar Master IMS,2025-02-07T17:00,650,confirmed,exact_label_path_best,Acumen embedded project/version label: large test file,"{""folder_prefix_depth"": 2, ""matched_labels"": [""large test file""]}"
A0014,F0005,ref1/.mpp test files/2-3-4-5/L12 - Detailed Metric Report.xlsx,Acumen Fuse,Acumen Detailed Metric Report,F0079,ref1/.mpp test files/Large Test File/Large Test File2.mpp,Longstar Master IMS,2025-03-10T17:00,650,confirmed,exact_label_path_best,Acumen embedded project/version label: large test file2,"{""folder_prefix_depth"": 2, ""matched_labels"": [""large test file2""]}"
A0015,F0005,ref1/.mpp test files/2-3-4-5/L12 - Detailed Metric Report.xlsx,Acumen Fuse,Acumen Detailed Metric Report,F0080,ref1/.mpp test files/Large Test File/Large_Test_File.mpp,Longstar Master IMS,2025-02-07T17:00,650,confirmed,exact_label_path_best,Acumen embedded project/version label: large test file,"{""folder_prefix_depth"": 2, ""matched_labels"": [""large test file""]}"
A0016,F0006,ref1/.mpp test files/2-3-4-5/L12- Metric History Report.xlsx,Acumen Fuse,Acumen Metric History Report,F0078,ref1/.mpp test files/Large Test File/Large Test File.mpp,Longstar Master IMS,2025-02-07T17:00,770,confirmed,exact_label_path_best,Acumen embedded project/version label: large test file | embedded version date matches schedule status date,"{""folder_prefix_depth"": 2, ""matched_labels"": [""large test file""]}"
A0017,F0006,ref1/.mpp test files/2-3-4-5/L12- Metric History Report.xlsx,Acumen Fuse,Acumen Metric History Report,F0079,ref1/.mpp test files/Large Test File/Large Test File2.mpp,Longstar Master IMS,2025-03-10T17:00,770,confirmed,exact_label_path_best,Acumen embedded project/version label: large test file2 | embedded version date matches schedule status date,"{""folder_prefix_depth"": 2, ""matched_labels"": [""large test file2""]}"
A0018,F0006,ref1/.mpp test files/2-3-4-5/L12- Metric History Report.xlsx,Acumen Fuse,Acumen Metric History Report,F0080,ref1/.mpp test files/Large Test File/Large_Test_File.mpp,Longstar Master IMS,2025-02-07T17:00,770,confirmed,exact_label_path_best,Acumen embedded project/version label: large test file | embedded version date matches schedule status date,"{""folder_prefix_depth"": 2, ""matched_labels"": [""large test file""]}"
A0019,F0007,ref1/.mpp test files/2-3-4-5/L12- Quick Add Metrics.xlsx,Acumen Fuse,Acumen Quick Add/Ribbon Export,F0078,ref1/.mpp test files/Large Test File/Large Test File.mpp,Longstar Master IMS,2025-02-07T17:00,650,confirmed,exact_label_path_best,Acumen embedded project/version label: large test file,"{""folder_prefix_depth"": 2, ""matched_labels"": [""large test file""]}"
A0020,F0007,ref1/.mpp test files/2-3-4-5/L12- Quick Add Metrics.xlsx,Acumen Fuse,Acumen Quick Add/Ribbon Export,F0079,ref1/.mpp test files/Large Test File/Large Test File2.mpp,Longstar Master IMS,2025-03-10T17:00,650,confirmed,exact_label_path_best,Acumen embedded project/version label: large test file2,"{""folder_prefix_depth"": 2, ""matched_labels"": [""large test file2""]}"
A0021,F0007,ref1/.mpp test files/2-3-4-5/L12- Quick Add Metrics.xlsx,Acumen Fuse,Acumen Quick Add/Ribbon Export,F0080,ref1/.mpp test files/Large Test File/Large_Test_File.mpp,Longstar Master IMS,2025-02-07T17:00,650,confirmed,exact_label_path_best,Acumen embedded project/version label: large test file,"{""folder_prefix_depth"": 2, ""matched_labels"": [""large test file""]}"
A0022,F0011,ref1/.mpp test files/2-3-4-5/TP - Metric History Report.xlsx,Acumen Fuse,Acumen Metric History Report,F0021,ref1/.mpp test files/2-3-4-5/TP4_DataCenter_v2.mpp,TP4 - Data Center Fit-Out (snapshot v2),2026-02-27T17:00,795,confirmed,exact_label_path_best,Acumen embedded project/version label: tp4 datacenter v2 | embedded version date matches schedule status date,"{""folder_prefix_depth"": 3, ""matched_labels"": [""tp4 datacenter v2""]}"
A0023,F0011,ref1/.mpp test files/2-3-4-5/TP - Metric History Report.xlsx,Acumen Fuse,Acumen Metric History Report,F0023,ref1/.mpp test files/2-3-4-5/TP4_DataCenter_v3.mpp,TP4 - Data Center Fit-Out (snapshot v3),2026-03-31T17:00,795,confirmed,exact_label_path_best,Acumen embedded project/version label: tp4 datacenter v3 | embedded version date matches schedule status date,"{""folder_prefix_depth"": 3, ""matched_labels"": [""tp4 datacenter v3""]}"
A0024,F0011,ref1/.mpp test files/2-3-4-5/TP - Metric History Report.xlsx,Acumen Fuse,Acumen Metric History Report,F0024,ref1/.mpp test files/2-3-4-5/TP4_DataCenter_v4.mpp,TP4 - Data Center Fit-Out (snapshot v4),2026-04-30T17:00,795,confirmed,exact_label_path_best,Acumen embedded project/version label: tp4 datacenter v4 | embedded version date matches schedule status date,"{""folder_prefix_depth"": 3, ""matched_labels"": [""tp4 datacenter v4""]}"
A0025,F0011,ref1/.mpp test files/2-3-4-5/TP - Metric History Report.xlsx,Acumen Fuse,Acumen Metric History Report,F0025,ref1/.mpp test files/2-3-4-5/TP4_DataCenter_v5.mpp,TP4 - Data Center Fit-Out (snapshot v5),2026-05-29T17:00,795,confirmed,exact_label_path_best,Acumen embedded project/version label: tp4 datacenter v5 | embedded version date matches schedule status date,"{""folder_prefix_depth"": 3, ""matched_labels"": [""tp4 datacenter v5""]}"
A0026,F0011,ref1/.mpp test files/2-3-4-5/TP - Metric History Report.xlsx,Acumen Fuse,Acumen Metric History Report,F0130,ref1/TP1_Library_Progressed.mpp,"TP1 - Riverside Community Library (progressed, ragged actuals)",2026-03-31T17:00,745,confirmed,exact_label_path_best,Acumen embedded project/version label: tp1 library progressed | embedded version date matches schedule status date,"{""folder_prefix_depth"": 1, ""matched_labels"": [""tp1 library progressed""]}"
A0027,F0012,ref1/.mpp test files/2-3-4-5/TP - Quick Add Metrics.xlsx,Acumen Fuse,Acumen Quick Add/Ribbon Export,F0021,ref1/.mpp test files/2-3-4-5/TP4_DataCenter_v2.mpp,TP4 - Data Center Fit-Out (snapshot v2),2026-02-27T17:00,675,confirmed,exact_label_path_best,Acumen embedded project/version label: tp4 datacenter v2,"{""folder_prefix_depth"": 3, ""matched_labels"": [""tp4 datacenter v2""]}"
A0028,F0012,ref1/.mpp test files/2-3-4-5/TP - Quick Add Metrics.xlsx,Acumen Fuse,Acumen Quick Add/Ribbon Export,F0023,ref1/.mpp test files/2-3-4-5/TP4_DataCenter_v3.mpp,TP4 - Data Center Fit-Out (snapshot v3),2026-03-31T17:00,675,confirmed,exact_label_path_best,Acumen embedded project/version label: tp4 datacenter v3,"{""folder_prefix_depth"": 3, ""matched_labels"": [""tp4 datacenter v3""]}"
A0029,F0012,ref1/.mpp test files/2-3-4-5/TP - Quick Add Metrics.xlsx,Acumen Fuse,Acumen Quick Add/Ribbon Export,F0024,ref1/.mpp test files/2-3-4-5/TP4_DataCenter_v4.mpp,TP4 - Data Center Fit-Out (snapshot v4),2026-04-30T17:00,675,confirmed,exact_label_path_best,Acumen embedded project/version label: tp4 datacenter v4,"{""folder_prefix_depth"": 3, ""matched_labels"": [""tp4 datacenter v4""]}"
A0030,F0012,ref1/.mpp test files/2-3-4-5/TP - Quick Add Metrics.xlsx,Acumen Fuse,Acumen Quick Add/Ribbon Export,F0025,ref1/.mpp test files/2-3-4-5/TP4_DataCenter_v5.mpp,TP4 - Data Center Fit-Out (snapshot v5),2026-05-29T17:00,675,confirmed,exact_label_path_best,Acumen embedded project/version label: tp4 datacenter v5,"{""folder_prefix_depth"": 3, ""matched_labels"": [""tp4 datacenter v5""]}"
A0031,F0012,ref1/.mpp test files/2-3-4-5/TP - Quick Add Metrics.xlsx,Acumen Fuse,Acumen Quick Add/Ribbon Export,F0130,ref1/TP1_Library_Progressed.mpp,"TP1 - Riverside Community Library (progressed, ragged actuals)",2026-03-31T17:00,625,confirmed,exact_label_path_best,Acumen embedded project/version label: tp1 library progressed,"{""folder_prefix_depth"": 1, ""matched_labels"": [""tp1 library progressed""]}"
A0032,F0013,ref1/.mpp test files/2-3-4-5/TP- Detailed Metric Report.xlsx,Acumen Fuse,Acumen Detailed Metric Report,F0021,ref1/.mpp test files/2-3-4-5/TP4_DataCenter_v2.mpp,TP4 - Data Center Fit-Out (snapshot v2),2026-02-27T17:00,675,confirmed,exact_label_path_best,Acumen embedded project/version label: tp4 datacenter v2,"{""folder_prefix_depth"": 3, ""matched_labels"": [""tp4 datacenter v2""]}"
A0033,F0013,ref1/.mpp test files/2-3-4-5/TP- Detailed Metric Report.xlsx,Acumen Fuse,Acumen Detailed Metric Report,F0023,ref1/.mpp test files/2-3-4-5/TP4_DataCenter_v3.mpp,TP4 - Data Center Fit-Out (snapshot v3),2026-03-31T17:00,675,confirmed,exact_label_path_best,Acumen embedded project/version label: tp4 datacenter v3,"{""folder_prefix_depth"": 3, ""matched_labels"": [""tp4 datacenter v3""]}"
A0034,F0013,ref1/.mpp test files/2-3-4-5/TP- Detailed Metric Report.xlsx,Acumen Fuse,Acumen Detailed Metric Report,F0024,ref1/.mpp test files/2-3-4-5/TP4_DataCenter_v4.mpp,TP4 - Data Center Fit-Out (snapshot v4),2026-04-30T17:00,675,confirmed,exact_label_path_best,Acumen embedded project/version label: tp4 datacenter v4,"{""folder_prefix_depth"": 3, ""matched_labels"": [""tp4 datacenter v4""]}"
A0035,F0013,ref1/.mpp test files/2-3-4-5/TP- Detailed Metric Report.xlsx,Acumen Fuse,Acumen Detailed Metric Report,F0025,ref1/.mpp test files/2-3-4-5/TP4_DataCenter_v5.mpp,TP4 - Data Center Fit-Out (snapshot v5),2026-05-29T17:00,675,confirmed,exact_label_path_best,Acumen embedded project/version label: tp4 datacenter v5,"{""folder_prefix_depth"": 3, ""matched_labels"": [""tp4 datacenter v5""]}"
A0036,F0013,ref1/.mpp test files/2-3-4-5/TP- Detailed Metric Report.xlsx,Acumen Fuse,Acumen Detailed Metric Report,F0130,ref1/TP1_Library_Progressed.mpp,"TP1 - Riverside Community Library (progressed, ragged actuals)",2026-03-31T17:00,625,confirmed,exact_label_path_best,Acumen embedded project/version label: tp1 library progressed,"{""folder_prefix_depth"": 1, ""matched_labels"": [""tp1 library progressed""]}"
A0037,F0014,ref1/.mpp test files/2-3-4-5/TP1 - Detailed Metric Report.xlsx,Acumen Fuse,Acumen Detailed Metric Report,F0130,ref1/TP1_Library_Progressed.mpp,"TP1 - Riverside Community Library (progressed, ragged actuals)",2026-03-31T17:00,625,confirmed,exact_label_path_best,Acumen embedded project/version label: tp1 library progressed,"{""folder_prefix_depth"": 1, ""matched_labels"": [""tp1 library progressed""]}"
A0038,F0015,ref1/.mpp test files/2-3-4-5/TP1 - Metric History Report.xlsx,Acumen Fuse,Acumen Metric History Report,F0130,ref1/TP1_Library_Progressed.mpp,"TP1 - Riverside Community Library (progressed, ragged actuals)",2026-03-31T17:00,745,confirmed,exact_label_path_best,Acumen embedded project/version label: tp1 library progressed | embedded version date matches schedule status date,"{""folder_prefix_depth"": 1, ""matched_labels"": [""tp1 library progressed""]}"
A0039,F0016,ref1/.mpp test files/2-3-4-5/TP1 - Quick Add Metrics.xlsx,Acumen Fuse,Acumen Quick Add/Ribbon Export,F0130,ref1/TP1_Library_Progressed.mpp,"TP1 - Riverside Community Library (progressed, ragged actuals)",2026-03-31T17:00,625,confirmed,exact_label_path_best,Acumen embedded project/version label: tp1 library progressed,"{""folder_prefix_depth"": 1, ""matched_labels"": [""tp1 library progressed""]}"
A0040,F0017,ref1/.mpp test files/2-3-4-5/TP23- Detailed Metric Report.xlsx,Acumen Fuse,Acumen Detailed Metric Report,F0131,ref1/TP2_Bridge_4x10_Calendar.mpp,TP2 - Bridge Deck Rehabilitation (4x10 calendar + holidays),2026-04-06T07:00,625,confirmed,exact_label_path_best,Acumen embedded project/version label: tp2 bridge 4x10 calendar,"{""folder_prefix_depth"": 1, ""matched_labels"": [""tp2 bridge 4x10 calendar""]}"
A0041,F0017,ref1/.mpp test files/2-3-4-5/TP23- Detailed Metric Report.xlsx,Acumen Fuse,Acumen Detailed Metric Report,F0132,ref1/TP3_Outage_DCMA_Seeded.mpp,TP3 - Coastal Plant Outage Turnaround (seeded DCMA violations),2026-04-30T17:00,625,confirmed,exact_label_path_best,Acumen embedded project/version label: tp3 outage dcma seeded,"{""folder_prefix_depth"": 1, ""matched_labels"": [""tp3 outage dcma seeded""]}"
A0042,F0018,ref1/.mpp test files/2-3-4-5/TP23- Metric History Report.xlsx,Acumen Fuse,Acumen Metric History Report,F0131,ref1/TP2_Bridge_4x10_Calendar.mpp,TP2 - Bridge Deck Rehabilitation (4x10 calendar + holidays),2026-04-06T07:00,745,confirmed,exact_label_path_best,Acumen embedded project/version label: tp2 bridge 4x10 calendar | embedded version date matches schedule status date,"{""folder_prefix_depth"": 1, ""matched_labels"": [""tp2 bridge 4x10 calendar""]}"
A0043,F0018,ref1/.mpp test files/2-3-4-5/TP23- Metric History Report.xlsx,Acumen Fuse,Acumen Metric History Report,F0132,ref1/TP3_Outage_DCMA_Seeded.mpp,TP3 - Coastal Plant Outage Turnaround (seeded DCMA violations),2026-04-30T17:00,745,confirmed,exact_label_path_best,Acumen embedded project/version label: tp3 outage dcma seeded | embedded version date matches schedule status date,"{""folder_prefix_depth"": 1, ""matched_labels"": [""tp3 outage dcma seeded""]}"
A0044,F0019,ref1/.mpp test files/2-3-4-5/TP23- Quick Add Metrics.xlsx,Acumen Fuse,Acumen Quick Add/Ribbon Export,F0131,ref1/TP2_Bridge_4x10_Calendar.mpp,TP2 - Bridge Deck Rehabilitation (4x10 calendar + holidays),2026-04-06T07:00,625,confirmed,exact_label_path_best,Acumen embedded project/version label: tp2 bridge 4x10 calendar,"{""folder_prefix_depth"": 1, ""matched_labels"": [""tp2 bridge 4x10 calendar""]}"
A0045,F0019,ref1/.mpp test files/2-3-4-5/TP23- Quick Add Metrics.xlsx,Acumen Fuse,Acumen Quick Add/Ribbon Export,F0132,ref1/TP3_Outage_DCMA_Seeded.mpp,TP3 - Coastal Plant Outage Turnaround (seeded DCMA violations),2026-04-30T17:00,625,confirmed,exact_label_path_best,Acumen embedded project/version label: tp3 outage dcma seeded,"{""folder_prefix_depth"": 1, ""matched_labels"": [""tp3 outage dcma seeded""]}"
A0046,F0027,ref1/.mpp test files/EVM/EVM- Metric History Report.xlsx,Acumen Fuse,Acumen Metric History Report,F0032,ref1/.mpp test files/EVM/EVM1.mpp,Project Schedule,2012-09-01T17:00,795,confirmed,exact_label_path_best,Acumen embedded project/version label: evm1 | embedded version date matches schedule status date,"{""folder_prefix_depth"": 3, ""matched_labels"": [""evm1""]}"
A0047,F0027,ref1/.mpp test files/EVM/EVM- Metric History Report.xlsx,Acumen Fuse,Acumen Metric History Report,F0034,ref1/.mpp test files/EVM/EVM2.mpp,Project Schedule,2012-09-12T17:00,795,confirmed,exact_label_path_best,Acumen embedded project/version label: evm2 | embedded version date matches schedule status date,"{""folder_prefix_depth"": 3, ""matched_labels"": [""evm2""]}"
A0048,F0029,ref1/.mpp test files/EVM/EVM.afw,Acumen Fuse Workspace,Acumen AFW Workspace,F0032,ref1/.mpp test files/EVM/EVM1.mpp,Project Schedule,2012-09-01T17:00,1075,confirmed,explicit_mpp_reference,AFW explicitly references evm1.mpp,"{""explicit_reference_label"": ""evm1"", ""folder_prefix_depth"": 3}"
A0049,F0029,ref1/.mpp test files/EVM/EVM.afw,Acumen Fuse Workspace,Acumen AFW Workspace,F0034,ref1/.mpp test files/EVM/EVM2.mpp,Project Schedule,2012-09-12T17:00,1075,confirmed,explicit_mpp_reference,AFW explicitly references evm2.mpp,"{""explicit_reference_label"": ""evm2"", ""folder_prefix_depth"": 3}"
A0050,F0030,ref1/.mpp test files/EVM/EVM1 Forensic Analysis Report.xlsx,Acumen Fuse,Acumen Forensic Analysis Report,F0032,ref1/.mpp test files/EVM/EVM1.mpp,Project Schedule,2012-09-01T17:00,675,confirmed,exact_label_path_best,Acumen embedded project/version label: evm1,"{""folder_prefix_depth"": 3, ""matched_labels"": [""evm1""]}"
A0051,F0030,ref1/.mpp test files/EVM/EVM1 Forensic Analysis Report.xlsx,Acumen Fuse,Acumen Forensic Analysis Report,F0034,ref1/.mpp test files/EVM/EVM2.mpp,Project Schedule,2012-09-12T17:00,675,confirmed,exact_label_path_best,Acumen embedded project/version label: evm2,"{""folder_prefix_depth"": 3, ""matched_labels"": [""evm2""]}"
A0052,F0031,ref1/.mpp test files/EVM/EVM1- Quick Add Metrics .xlsx,Acumen Fuse,Acumen Quick Add/Ribbon Export,F0032,ref1/.mpp test files/EVM/EVM1.mpp,Project Schedule,2012-09-01T17:00,675,confirmed,exact_label_path_best,Acumen embedded project/version label: evm1,"{""folder_prefix_depth"": 3, ""matched_labels"": [""evm1""]}"
A0053,F0031,ref1/.mpp test files/EVM/EVM1- Quick Add Metrics .xlsx,Acumen Fuse,Acumen Quick Add/Ribbon Export,F0034,ref1/.mpp test files/EVM/EVM2.mpp,Project Schedule,2012-09-12T17:00,675,confirmed,exact_label_path_best,Acumen embedded project/version label: evm2,"{""folder_prefix_depth"": 3, ""matched_labels"": [""evm2""]}"
A0054,F0033,ref1/.mpp test files/EVM/EVM2 - Quick Add Metrics.xlsx,Acumen Fuse,Acumen Quick Add/Ribbon Export,F0032,ref1/.mpp test files/EVM/EVM1.mpp,Project Schedule,2012-09-01T17:00,675,confirmed,exact_label_path_best,Acumen embedded project/version label: evm1,"{""folder_prefix_depth"": 3, ""matched_labels"": [""evm1""]}"
A0055,F0033,ref1/.mpp test files/EVM/EVM2 - Quick Add Metrics.xlsx,Acumen Fuse,Acumen Quick Add/Ribbon Export,F0034,ref1/.mpp test files/EVM/EVM2.mpp,Project Schedule,2012-09-12T17:00,675,confirmed,exact_label_path_best,Acumen embedded project/version label: evm2,"{""folder_prefix_depth"": 3, ""matched_labels"": [""evm2""]}"
A0056,F0035,ref1/.mpp test files/EVM/EVM3- Detailed Metric Report.xlsx,Acumen Fuse,Acumen Detailed Metric Report,F0032,ref1/.mpp test files/EVM/EVM1.mpp,Project Schedule,2012-09-01T17:00,675,confirmed,exact_label_path_best,Acumen embedded project/version label: evm1,"{""folder_prefix_depth"": 3, ""matched_labels"": [""evm1""]}"
A0057,F0035,ref1/.mpp test files/EVM/EVM3- Detailed Metric Report.xlsx,Acumen Fuse,Acumen Detailed Metric Report,F0034,ref1/.mpp test files/EVM/EVM2.mpp,Project Schedule,2012-09-12T17:00,675,confirmed,exact_label_path_best,Acumen embedded project/version label: evm2,"{""folder_prefix_depth"": 3, ""matched_labels"": [""evm2""]}"
A0058,F0037,ref1/.mpp test files/Hard_File/Hard_File_Fuse - Fuse Analysis Report.xlsx,Acumen Fuse,Acumen Analysis Report,F0036,ref1/.mpp test files/Hard_File/Hard_File.mpp,Customer Service Ramp Up,2026-07-07T17:00,675,confirmed,exact_label_path_best,Acumen embedded project/version label: hard file,"{""folder_prefix_depth"": 3, ""matched_labels"": [""hard file""]}"
A0059,F0037,ref1/.mpp test files/Hard_File/Hard_File_Fuse - Fuse Analysis Report.xlsx,Acumen Fuse,Acumen Analysis Report,F0058,ref1/.mpp test files/Hard_File/Hard_File_updated.mpp,Customer Service Ramp Up,2026-08-11T17:00,675,confirmed,exact_label_path_best,Acumen embedded project/version label: hard file updated,"{""folder_prefix_depth"": 3, ""matched_labels"": [""hard file updated""]}"
A0060,F0038,ref1/.mpp test files/Hard_File/Hard_File_Fuse - Metric History Report.xlsx,Acumen Fuse,Acumen Metric History Report,F0036,ref1/.mpp test files/Hard_File/Hard_File.mpp,Customer Service Ramp Up,2026-07-07T17:00,795,confirmed,exact_label_path_best,Acumen embedded project/version label: hard file | embedded version date matches schedule status date,"{""folder_prefix_depth"": 3, ""matched_labels"": [""hard file""]}"
A0061,F0038,ref1/.mpp test files/Hard_File/Hard_File_Fuse - Metric History Report.xlsx,Acumen Fuse,Acumen Metric History Report,F0058,ref1/.mpp test files/Hard_File/Hard_File_updated.mpp,Customer Service Ramp Up,2026-08-11T17:00,795,confirmed,exact_label_path_best,Acumen embedded project/version label: hard file updated | embedded version date matches schedule status date,"{""folder_prefix_depth"": 3, ""matched_labels"": [""hard file updated""]}"
A0062,F0039,ref1/.mpp test files/Hard_File/Hard_File_Fuse - Quick Add Metrics .xlsx,Acumen Fuse,Acumen Quick Add/Ribbon Export,F0036,ref1/.mpp test files/Hard_File/Hard_File.mpp,Customer Service Ramp Up,2026-07-07T17:00,675,confirmed,exact_label_path_best,Acumen embedded project/version label: hard file,"{""folder_prefix_depth"": 3, ""matched_labels"": [""hard file""]}"
A0063,F0039,ref1/.mpp test files/Hard_File/Hard_File_Fuse - Quick Add Metrics .xlsx,Acumen Fuse,Acumen Quick Add/Ribbon Export,F0058,ref1/.mpp test files/Hard_File/Hard_File_updated.mpp,Customer Service Ramp Up,2026-08-11T17:00,675,confirmed,exact_label_path_best,Acumen embedded project/version label: hard file updated,"{""folder_prefix_depth"": 3, ""matched_labels"": [""hard file updated""]}"
A0064,F0040,ref1/.mpp test files/Hard_File/Hard_File_Fuse - Summary Metric Report.xlsx,Acumen Fuse,Acumen Summary Metrics Report,F0036,ref1/.mpp test files/Hard_File/Hard_File.mpp,Customer Service Ramp Up,2026-07-07T17:00,795,confirmed,exact_label_path_best,Acumen embedded project/version label: hard file | embedded version date matches schedule status date,"{""folder_prefix_depth"": 3, ""matched_labels"": [""hard file""]}"
A0065,F0040,ref1/.mpp test files/Hard_File/Hard_File_Fuse - Summary Metric Report.xlsx,Acumen Fuse,Acumen Summary Metrics Report,F0058,ref1/.mpp test files/Hard_File/Hard_File_updated.mpp,Customer Service Ramp Up,2026-08-11T17:00,675,confirmed,exact_label_path_best,Acumen embedded project/version label: hard file updated,"{""folder_prefix_depth"": 3, ""matched_labels"": [""hard file updated""]}"
A0066,F0041,ref1/.mpp test files/Hard_File/Hard_File_missing_logic.xlsx,Acumen Fuse,Acumen Detailed Metric Offender Extract,F0036,ref1/.mpp test files/Hard_File/Hard_File.mpp,Customer Service Ramp Up,2026-07-07T17:00,1500,confirmed,exact_uid_name_day_dates,Project column exact: Hard_File | UID exact 7/7 | Task name exact 7/7 | Start date exact 7/7 | Finish date exact 7/7,"{""date_granularity"": ""calendar day"", ""finish_date_match"": 7, ""name_match"": 7, ""rows"": 7, ""start_date_match"": 7, ""uid_match"": 7}"
A0067,F0042,ref1/.mpp test files/Hard_File/Hard_File_Path_Trace_UID_155_Directional_Path_Analysis_2026-7-8-13-30-7.xlsx,SSI Tools,SSI Directional Path Export,F0036,ref1/.mpp test files/Hard_File/Hard_File.mpp,Customer Service Ramp Up,2026-07-07T17:00,1300,confirmed,exact,SSI Project column exact alias | UID+name exact 90/90 | start/finish exact 90/90,"{""date_comparable"": 90, ""date_match"": 90, ""name_match"": 90, ""rows"": 90, ""uid_match"": 90}"
A0068,F0043,ref1/.mpp test files/Hard_File/Hard_File_Path_Updated_Trace_UID_155_Directional_Path_Analysis_2026-7-8-13-30-7.xlsx,SSI Tools,SSI Directional Path Export,F0058,ref1/.mpp test files/Hard_File/Hard_File_updated.mpp,Customer Service Ramp Up,2026-08-11T17:00,1300,confirmed,exact,SSI Project column exact alias | UID+name exact 86/86 | start/finish exact 86/86,"{""date_comparable"": 86, ""date_match"": 86, ""name_match"": 86, ""rows"": 86, ""uid_match"": 86}"
A0069,F0044,ref1/.mpp test files/Hard_File/Hard_File_update vs update2_Fuse - Analysis Report.xlsx,Acumen Fuse,Acumen Analysis Report,F0058,ref1/.mpp test files/Hard_File/Hard_File_updated.mpp,Customer Service Ramp Up,2026-08-11T17:00,675,confirmed,exact_label_path_best,Acumen embedded project/version label: hard file updated,"{""folder_prefix_depth"": 3, ""matched_labels"": [""hard file updated""]}"
A0070,F0044,ref1/.mpp test files/Hard_File/Hard_File_update vs update2_Fuse - Analysis Report.xlsx,Acumen Fuse,Acumen Analysis Report,F0061,ref1/.mpp test files/Hard_File/Hard_File_updated2.mpp,Customer Service Ramp Up,2026-09-10T17:00,675,confirmed,exact_label_path_best,Acumen embedded project/version label: hard file updated2,"{""folder_prefix_depth"": 3, ""matched_labels"": [""hard file updated2""]}"
A0071,F0045,ref1/.mpp test files/Hard_File/Hard_File_update vs update2_Fuse - Detailed Metric Report.xlsx,Acumen Fuse,Acumen Detailed Metric Report,F0058,ref1/.mpp test files/Hard_File/Hard_File_updated.mpp,Customer Service Ramp Up,2026-08-11T17:00,675,confirmed,exact_label_path_best,Acumen embedded project/version label: hard file updated,"{""folder_prefix_depth"": 3, ""matched_labels"": [""hard file updated""]}"
A0072,F0045,ref1/.mpp test files/Hard_File/Hard_File_update vs update2_Fuse - Detailed Metric Report.xlsx,Acumen Fuse,Acumen Detailed Metric Report,F0061,ref1/.mpp test files/Hard_File/Hard_File_updated2.mpp,Customer Service Ramp Up,2026-09-10T17:00,675,confirmed,exact_label_path_best,Acumen embedded project/version label: hard file updated2,"{""folder_prefix_depth"": 3, ""matched_labels"": [""hard file updated2""]}"
A0073,F0046,ref1/.mpp test files/Hard_File/Hard_File_update vs update2_Fuse - Excel .xlsx,Acumen Fuse,Acumen Workbook,F0058,ref1/.mpp test files/Hard_File/Hard_File_updated.mpp,Customer Service Ramp Up,2026-08-11T17:00,675,confirmed,exact_label_path_best,Acumen embedded project/version label: hard file updated,"{""folder_prefix_depth"": 3, ""matched_labels"": [""hard file updated""]}"
A0074,F0046,ref1/.mpp test files/Hard_File/Hard_File_update vs update2_Fuse - Excel .xlsx,Acumen Fuse,Acumen Workbook,F0061,ref1/.mpp test files/Hard_File/Hard_File_updated2.mpp,Customer Service Ramp Up,2026-09-10T17:00,675,confirmed,exact_label_path_best,Acumen embedded project/version label: hard file updated2,"{""folder_prefix_depth"": 3, ""matched_labels"": [""hard file updated2""]}"
A0075,F0047,ref1/.mpp test files/Hard_File/Hard_File_update vs update2_Fuse - Metric History Report.xlsx,Acumen Fuse,Acumen Metric History Report,F0058,ref1/.mpp test files/Hard_File/Hard_File_updated.mpp,Customer Service Ramp Up,2026-08-11T17:00,795,confirmed,exact_label_path_best,Acumen embedded project/version label: hard file updated | embedded version date matches schedule status date,"{""folder_prefix_depth"": 3, ""matched_labels"": [""hard file updated""]}"
A0076,F0047,ref1/.mpp test files/Hard_File/Hard_File_update vs update2_Fuse - Metric History Report.xlsx,Acumen Fuse,Acumen Metric History Report,F0061,ref1/.mpp test files/Hard_File/Hard_File_updated2.mpp,Customer Service Ramp Up,2026-09-10T17:00,795,confirmed,exact_label_path_best,Acumen embedded project/version label: hard file updated2 | embedded version date matches schedule status date,"{""folder_prefix_depth"": 3, ""matched_labels"": [""hard file updated2""]}"
A0077,F0048,ref1/.mpp test files/Hard_File/Hard_File_update vs update2_Fuse - Summary Report.xlsx,Acumen Fuse,Acumen Summary Metrics Report,F0058,ref1/.mpp test files/Hard_File/Hard_File_updated.mpp,Customer Service Ramp Up,2026-08-11T17:00,795,confirmed,exact_label_path_best,Acumen embedded project/version label: hard file updated | embedded version date matches schedule status date,"{""folder_prefix_depth"": 3, ""matched_labels"": [""hard file updated""]}"
A0078,F0048,ref1/.mpp test files/Hard_File/Hard_File_update vs update2_Fuse - Summary Report.xlsx,Acumen Fuse,Acumen Summary Metrics Report,F0061,ref1/.mpp test files/Hard_File/Hard_File_updated2.mpp,Customer Service Ramp Up,2026-09-10T17:00,675,confirmed,exact_label_path_best,Acumen embedded project/version label: hard file updated2,"{""folder_prefix_depth"": 3, ""matched_labels"": [""hard file updated2""]}"
A0079,F0049,ref1/.mpp test files/Hard_File/Hard_File_update vs update2_Fuse.afw,Acumen Fuse Workspace,Acumen AFW Workspace,F0058,ref1/.mpp test files/Hard_File/Hard_File_updated.mpp,Customer Service Ramp Up,2026-08-11T17:00,1075,confirmed,explicit_mpp_reference,AFW explicitly references hard file updated.mpp,"{""explicit_reference_label"": ""hard file updated"", ""folder_prefix_depth"": 3}"
A0080,F0049,ref1/.mpp test files/Hard_File/Hard_File_update vs update2_Fuse.afw,Acumen Fuse Workspace,Acumen AFW Workspace,F0061,ref1/.mpp test files/Hard_File/Hard_File_updated2.mpp,Customer Service Ramp Up,2026-09-10T17:00,1075,confirmed,explicit_mpp_reference,AFW explicitly references hard file updated2.mpp,"{""explicit_reference_label"": ""hard file updated2"", ""folder_prefix_depth"": 3}"
A0081,F0050,ref1/.mpp test files/Hard_File/Hard_File_update2 vs update3_Fuse - Analysis Report.xlsx,Acumen Fuse,Acumen Analysis Report,F0061,ref1/.mpp test files/Hard_File/Hard_File_updated2.mpp,Customer Service Ramp Up,2026-09-10T17:00,675,confirmed,exact_label_path_best,Acumen embedded project/version label: hard file updated2,"{""folder_prefix_depth"": 3, ""matched_labels"": [""hard file updated2""]}"
A0082,F0050,ref1/.mpp test files/Hard_File/Hard_File_update2 vs update3_Fuse - Analysis Report.xlsx,Acumen Fuse,Acumen Analysis Report,F0063,ref1/.mpp test files/Hard_File/Hard_File_updated3.mpp,Customer Service Ramp Up,2026-10-12T17:00,675,confirmed,exact_label_path_best,Acumen embedded project/version label: hard file updated3,"{""folder_prefix_depth"": 3, ""matched_labels"": [""hard file updated3""]}"
A0083,F0051,ref1/.mpp test files/Hard_File/Hard_File_update2 vs update3_Fuse - Detailed Metric Report.xlsx,Acumen Fuse,Acumen Detailed Metric Report,F0061,ref1/.mpp test files/Hard_File/Hard_File_updated2.mpp,Customer Service Ramp Up,2026-09-10T17:00,675,confirmed,exact_label_path_best,Acumen embedded project/version label: hard file updated2,"{""folder_prefix_depth"": 3, ""matched_labels"": [""hard file updated2""]}"
A0084,F0051,ref1/.mpp test files/Hard_File/Hard_File_update2 vs update3_Fuse - Detailed Metric Report.xlsx,Acumen Fuse,Acumen Detailed Metric Report,F0063,ref1/.mpp test files/Hard_File/Hard_File_updated3.mpp,Customer Service Ramp Up,2026-10-12T17:00,675,confirmed,exact_label_path_best,Acumen embedded project/version label: hard file updated3,"{""folder_prefix_depth"": 3, ""matched_labels"": [""hard file updated3""]}"
A0085,F0052,ref1/.mpp test files/Hard_File/Hard_File_update2 vs update3_Fuse - Excel .xlsx,Acumen Fuse,Acumen Workbook,F0061,ref1/.mpp test files/Hard_File/Hard_File_updated2.mpp,Customer Service Ramp Up,2026-09-10T17:00,675,confirmed,exact_label_path_best,Acumen embedded project/version label: hard file updated2,"{""folder_prefix_depth"": 3, ""matched_labels"": [""hard file updated2""]}"
A0086,F0052,ref1/.mpp test files/Hard_File/Hard_File_update2 vs update3_Fuse - Excel .xlsx,Acumen Fuse,Acumen Workbook,F0063,ref1/.mpp test files/Hard_File/Hard_File_updated3.mpp,Customer Service Ramp Up,2026-10-12T17:00,675,confirmed,exact_label_path_best,Acumen embedded project/version label: hard file updated3,"{""folder_prefix_depth"": 3, ""matched_labels"": [""hard file updated3""]}"
A0087,F0053,ref1/.mpp test files/Hard_File/Hard_File_update2 vs update3_Fuse - Metric History Report.xlsx,Acumen Fuse,Acumen Metric History Report,F0061,ref1/.mpp test files/Hard_File/Hard_File_updated2.mpp,Customer Service Ramp Up,2026-09-10T17:00,795,confirmed,exact_label_path_best,Acumen embedded project/version label: hard file updated2 | embedded version date matches schedule status date,"{""folder_prefix_depth"": 3, ""matched_labels"": [""hard file updated2""]}"
A0088,F0053,ref1/.mpp test files/Hard_File/Hard_File_update2 vs update3_Fuse - Metric History Report.xlsx,Acumen Fuse,Acumen Metric History Report,F0063,ref1/.mpp test files/Hard_File/Hard_File_updated3.mpp,Customer Service Ramp Up,2026-10-12T17:00,795,confirmed,exact_label_path_best,Acumen embedded project/version label: hard file updated3 | embedded version date matches schedule status date,"{""folder_prefix_depth"": 3, ""matched_labels"": [""hard file updated3""]}"
A0089,F0054,ref1/.mpp test files/Hard_File/Hard_File_update2 vs update3_Fuse - Metrics Report.xlsx,Acumen Fuse,Acumen Summary Metrics Report,F0061,ref1/.mpp test files/Hard_File/Hard_File_updated2.mpp,Customer Service Ramp Up,2026-09-10T17:00,795,confirmed,exact_label_path_best,Acumen embedded project/version label: hard file updated2 | embedded version date matches schedule status date,"{""folder_prefix_depth"": 3, ""matched_labels"": [""hard file updated2""]}"
A0090,F0054,ref1/.mpp test files/Hard_File/Hard_File_update2 vs update3_Fuse - Metrics Report.xlsx,Acumen Fuse,Acumen Summary Metrics Report,F0063,ref1/.mpp test files/Hard_File/Hard_File_updated3.mpp,Customer Service Ramp Up,2026-10-12T17:00,675,confirmed,exact_label_path_best,Acumen embedded project/version label: hard file updated3,"{""folder_prefix_depth"": 3, ""matched_labels"": [""hard file updated3""]}"
A0091,F0055,ref1/.mpp test files/Hard_File/Hard_File_update2 vs update3_Fuse - Summary Metrics Report.xlsx,Acumen Fuse,Acumen Summary Metrics Report,F0061,ref1/.mpp test files/Hard_File/Hard_File_updated2.mpp,Customer Service Ramp Up,2026-09-10T17:00,795,confirmed,exact_label_path_best,Acumen embedded project/version label: hard file updated2 | embedded version date matches schedule status date,"{""folder_prefix_depth"": 3, ""matched_labels"": [""hard file updated2""]}"
A0092,F0055,ref1/.mpp test files/Hard_File/Hard_File_update2 vs update3_Fuse - Summary Metrics Report.xlsx,Acumen Fuse,Acumen Summary Metrics Report,F0063,ref1/.mpp test files/Hard_File/Hard_File_updated3.mpp,Customer Service Ramp Up,2026-10-12T17:00,675,confirmed,exact_label_path_best,Acumen embedded project/version label: hard file updated3,"{""folder_prefix_depth"": 3, ""matched_labels"": [""hard file updated3""]}"
A0093,F0056,ref1/.mpp test files/Hard_File/Hard_File_update2 vs update3_Fuse.afw,Acumen Fuse Workspace,Acumen AFW Workspace,F0061,ref1/.mpp test files/Hard_File/Hard_File_updated2.mpp,Customer Service Ramp Up,2026-09-10T17:00,1075,confirmed,explicit_mpp_reference,AFW explicitly references hard file updated2.mpp,"{""explicit_reference_label"": ""hard file updated2"", ""folder_prefix_depth"": 3}"
A0094,F0056,ref1/.mpp test files/Hard_File/Hard_File_update2 vs update3_Fuse.afw,Acumen Fuse Workspace,Acumen AFW Workspace,F0063,ref1/.mpp test files/Hard_File/Hard_File_updated3.mpp,Customer Service Ramp Up,2026-10-12T17:00,1075,confirmed,explicit_mpp_reference,AFW explicitly references hard file updated3.mpp,"{""explicit_reference_label"": ""hard file updated3"", ""folder_prefix_depth"": 3}"
A0095,F0057,ref1/.mpp test files/Hard_File/Hard_File_updated vs update 2_ Forensic Analysis Report.xlsx,Acumen Fuse,Acumen Forensic Analysis Report,F0058,ref1/.mpp test files/Hard_File/Hard_File_updated.mpp,Customer Service Ramp Up,2026-08-11T17:00,675,confirmed,exact_label_path_best,Acumen embedded project/version label: hard file updated,"{""folder_prefix_depth"": 3, ""matched_labels"": [""hard file updated""]}"
A0096,F0057,ref1/.mpp test files/Hard_File/Hard_File_updated vs update 2_ Forensic Analysis Report.xlsx,Acumen Fuse,Acumen Forensic Analysis Report,F0061,ref1/.mpp test files/Hard_File/Hard_File_updated2.mpp,Customer Service Ramp Up,2026-09-10T17:00,675,confirmed,exact_label_path_best,Acumen embedded project/version label: hard file updated2,"{""folder_prefix_depth"": 3, ""matched_labels"": [""hard file updated2""]}"
A0097,F0059,ref1/.mpp test files/Hard_File/Hard_File_updated2 vs update3 Forensic Analysis Report.xlsx,Acumen Fuse,Acumen Forensic Analysis Report,F0061,ref1/.mpp test files/Hard_File/Hard_File_updated2.mpp,Customer Service Ramp Up,2026-09-10T17:00,675,confirmed,exact_label_path_best,Acumen embedded project/version label: hard file updated2,"{""folder_prefix_depth"": 3, ""matched_labels"": [""hard file updated2""]}"
A0098,F0059,ref1/.mpp test files/Hard_File/Hard_File_updated2 vs update3 Forensic Analysis Report.xlsx,Acumen Fuse,Acumen Forensic Analysis Report,F0063,ref1/.mpp test files/Hard_File/Hard_File_updated3.mpp,Customer Service Ramp Up,2026-10-12T17:00,675,confirmed,exact_label_path_best,Acumen embedded project/version label: hard file updated3,"{""folder_prefix_depth"": 3, ""matched_labels"": [""hard file updated3""]}"
A0099,F0064,ref1/.mpp test files/Hard_File/Hard_File_updated_missing_logic.xlsx,Acumen Fuse,Acumen Detailed Metric Offender Extract,F0058,ref1/.mpp test files/Hard_File/Hard_File_updated.mpp,Customer Service Ramp Up,2026-08-11T17:00,1500,confirmed,exact_uid_name_day_dates,Project column exact: Hard_File_updated | UID exact 141/141 | Task name exact 141/141 | Start date exact 141/141 | Finish date exact 141/141,"{""date_granularity"": ""calendar day"", ""finish_date_match"": 141, ""name_match"": 141, ""rows"": 141, ""start_date_match"": 141, ""uid_match"": 141}"
A0100,F0066,ref1/.mpp test files/Hard_File/Hard_File_updated_with_logic_reestablished_UID_155_Directional_Path_Analysis_2026-7-8-14-37-20.xlsx,SSI Tools,SSI Directional Path Export,F0065,ref1/.mpp test files/Hard_File/Hard_File_updated_with_logic_reestablished.mpp,Customer Service Ramp Up,2026-08-11T17:00,900,confirmed,exact,UID+name exact 86/86 | start/finish exact 86/86,"{""date_comparable"": 86, ""date_match"": 86, ""name_match"": 86, ""rows"": 86, ""uid_match"": 86}"
A0101,F0067,ref1/.mpp test files/Large Project2 Acumen/Large Project2 Acumen - DCMA Report1.xlsx,Acumen Fuse,Acumen DCMA/Summary Report,F0079,ref1/.mpp test files/Large Test File/Large Test File2.mpp,Longstar Master IMS,2025-03-10T17:00,770,confirmed,exact_label_path_best,Acumen embedded project/version label: large test file2 | embedded version date matches schedule status date,"{""folder_prefix_depth"": 2, ""matched_labels"": [""large test file2""]}"
A0102,F0069,ref1/.mpp test files/Large Project2 Acumen/Large Project2 Acumen - Quick Add Metrics .xlsx,Acumen Fuse,Acumen Quick Add/Ribbon Export,F0079,ref1/.mpp test files/Large Test File/Large Test File2.mpp,Longstar Master IMS,2025-03-10T17:00,650,confirmed,exact_label_path_best,Acumen embedded project/version label: large test file2,"{""folder_prefix_depth"": 2, ""matched_labels"": [""large test file2""]}"
A0103,F0071,ref1/.mpp test files/Large Project2 Acumen/Large Project2 Acumen - Quick Add Metrics1.xlsx,Acumen Fuse,Acumen Quick Add/Ribbon Export,F0079,ref1/.mpp test files/Large Test File/Large Test File2.mpp,Longstar Master IMS,2025-03-10T17:00,650,confirmed,exact_label_path_best,Acumen embedded project/version label: large test file2,"{""folder_prefix_depth"": 2, ""matched_labels"": [""large test file2""]}"
A0104,F0072,ref1/.mpp test files/Large Project2 Acumen/Large Project2 Acumen- Metric History Report.xlsx,Acumen Fuse,Acumen Metric History Report,F0079,ref1/.mpp test files/Large Test File/Large Test File2.mpp,Longstar Master IMS,2025-03-10T17:00,770,confirmed,exact_label_path_best,Acumen embedded project/version label: large test file2 | embedded version date matches schedule status date,"{""folder_prefix_depth"": 2, ""matched_labels"": [""large test file2""]}"
A0105,F0073,ref1/.mpp test files/Large Project2 Acumen/Large Project2 Acumen1 - Quick Add Metrics .xlsx,Acumen Fuse,Acumen Quick Add/Ribbon Export,F0079,ref1/.mpp test files/Large Test File/Large Test File2.mpp,Longstar Master IMS,2025-03-10T17:00,650,confirmed,exact_label_path_best,Acumen embedded project/version label: large test file2,"{""folder_prefix_depth"": 2, ""matched_labels"": [""large test file2""]}"
A0106,F0074,ref1/.mpp test files/Large Test File/Large Test File Leveled All Dependencies with driving slack to UID_152_Directional_Path_Analysis_2026-7-14-17-21-13.xlsx,SSI Tools,SSI Directional Path Export,F0077,ref1/.mpp test files/Large Test File/Large Test File Leveled.mpp,USA OTB Master IMS,2025-02-07T17:00,1300,confirmed,exact,SSI Project column exact alias | UID+name exact 783/783 | start/finish exact 783/783,"{""date_comparable"": 783, ""date_match"": 783, ""name_match"": 783, ""rows"": 783, ""uid_match"": 783}"
A0107,F0076,ref1/.mpp test files/Large Test File/Large Test File Leveled Critical - Secondary - Teritiary - with driving slack to UID_152_Directional_Path_Analysis_2026-7-14-17-22-42.xlsx,SSI Tools,SSI Directional Path Export,F0077,ref1/.mpp test files/Large Test File/Large Test File Leveled.mpp,USA OTB Master IMS,2025-02-07T17:00,1300,confirmed,exact,SSI Project column exact alias | UID+name exact 122/122 | start/finish exact 122/122,"{""date_comparable"": 122, ""date_match"": 122, ""name_match"": 122, ""rows"": 122, ""uid_match"": 122}"
A0108,F0084,ref1/.mpp test files/Project2 - Project5/2 vs 5/2v51 - Quick Add Metrics .xlsx,Acumen Fuse,Acumen Quick Add/Ribbon Export,F0090,ref1/.mpp test files/Project2 - Project5/2 vs 5/Project5_TAMPERED.mpp,Commercial Construction,2026-08-27T17:00,700,confirmed,exact_label_path_best,Acumen embedded project/version label: project5 tampered,"{""folder_prefix_depth"": 4, ""matched_labels"": [""project5 tampered""]}"
A0109,F0084,ref1/.mpp test files/Project2 - Project5/2 vs 5/2v51 - Quick Add Metrics .xlsx,Acumen Fuse,Acumen Quick Add/Ribbon Export,F0102,ref1/00_REFERENCE_INTAKEmppProject2.mpp,Commercial Construction,2026-05-24T17:00,625,confirmed,exact_label_path_best,Acumen embedded project/version label: project2,"{""folder_prefix_depth"": 1, ""matched_labels"": [""project2""]}"
A0110,F0085,ref1/.mpp test files/Project2 - Project5/2 vs 5/2v52 - Quick Add Metrics.xlsx,Acumen Fuse,Acumen Quick Add/Ribbon Export,F0090,ref1/.mpp test files/Project2 - Project5/2 vs 5/Project5_TAMPERED.mpp,Commercial Construction,2026-08-27T17:00,700,confirmed,exact_label_path_best,Acumen embedded project/version label: project5 tampered,"{""folder_prefix_depth"": 4, ""matched_labels"": [""project5 tampered""]}"
A0111,F0085,ref1/.mpp test files/Project2 - Project5/2 vs 5/2v52 - Quick Add Metrics.xlsx,Acumen Fuse,Acumen Quick Add/Ribbon Export,F0102,ref1/00_REFERENCE_INTAKEmppProject2.mpp,Commercial Construction,2026-05-24T17:00,625,confirmed,exact_label_path_best,Acumen embedded project/version label: project2,"{""folder_prefix_depth"": 1, ""matched_labels"": [""project2""]}"
A0112,F0086,ref1/.mpp test files/Project2 - Project5/2 vs 5/2v53 - DCMA Report.xlsx,Acumen Fuse,Acumen DCMA/Summary Report,F0090,ref1/.mpp test files/Project2 - Project5/2 vs 5/Project5_TAMPERED.mpp,Commercial Construction,2026-08-27T17:00,700,confirmed,exact_label_path_best,Acumen embedded project/version label: project5 tampered,"{""folder_prefix_depth"": 4, ""matched_labels"": [""project5 tampered""]}"
A0113,F0086,ref1/.mpp test files/Project2 - Project5/2 vs 5/2v53 - DCMA Report.xlsx,Acumen Fuse,Acumen DCMA/Summary Report,F0102,ref1/00_REFERENCE_INTAKEmppProject2.mpp,Commercial Construction,2026-05-24T17:00,745,confirmed,exact_label_path_best,Acumen embedded project/version label: project2 | embedded version date matches schedule status date,"{""folder_prefix_depth"": 1, ""matched_labels"": [""project2""]}"
A0114,F0087,ref1/.mpp test files/Project2 - Project5/2 vs 5/2v54- Detailed Metric Report.xlsx,Acumen Fuse,Acumen Detailed Metric Report,F0090,ref1/.mpp test files/Project2 - Project5/2 vs 5/Project5_TAMPERED.mpp,Commercial Construction,2026-08-27T17:00,700,confirmed,exact_label_path_best,Acumen embedded project/version label: project5 tampered,"{""folder_prefix_depth"": 4, ""matched_labels"": [""project5 tampered""]}"
A0115,F0087,ref1/.mpp test files/Project2 - Project5/2 vs 5/2v54- Detailed Metric Report.xlsx,Acumen Fuse,Acumen Detailed Metric Report,F0102,ref1/00_REFERENCE_INTAKEmppProject2.mpp,Commercial Construction,2026-05-24T17:00,625,confirmed,exact_label_path_best,Acumen embedded project/version label: project2,"{""folder_prefix_depth"": 1, ""matched_labels"": [""project2""]}"
A0116,F0088,ref1/.mpp test files/Project2 - Project5/2 vs 5/2v55 - Metric History Report.xlsx,Acumen Fuse,Acumen Metric History Report,F0090,ref1/.mpp test files/Project2 - Project5/2 vs 5/Project5_TAMPERED.mpp,Commercial Construction,2026-08-27T17:00,820,confirmed,exact_label_path_best,Acumen embedded project/version label: project5 tampered | embedded version date matches schedule status date,"{""folder_prefix_depth"": 4, ""matched_labels"": [""project5 tampered""]}"
A0117,F0088,ref1/.mpp test files/Project2 - Project5/2 vs 5/2v55 - Metric History Report.xlsx,Acumen Fuse,Acumen Metric History Report,F0102,ref1/00_REFERENCE_INTAKEmppProject2.mpp,Commercial Construction,2026-05-24T17:00,745,confirmed,exact_label_path_best,Acumen embedded project/version label: project2 | embedded version date matches schedule status date,"{""folder_prefix_depth"": 1, ""matched_labels"": [""project2""]}"
A0118,F0089,ref1/.mpp test files/Project2 - Project5/2 vs 5/Project2v5 Forensic Analysis Report.xlsx,Acumen Fuse,Acumen Forensic Analysis Report,F0090,ref1/.mpp test files/Project2 - Project5/2 vs 5/Project5_TAMPERED.mpp,Commercial Construction,2026-08-27T17:00,700,confirmed,exact_label_path_best,Acumen embedded project/version label: project5 tampered,"{""folder_prefix_depth"": 4, ""matched_labels"": [""project5 tampered""]}"
A0119,F0089,ref1/.mpp test files/Project2 - Project5/2 vs 5/Project2v5 Forensic Analysis Report.xlsx,Acumen Fuse,Acumen Forensic Analysis Report,F0102,ref1/00_REFERENCE_INTAKEmppProject2.mpp,Commercial Construction,2026-05-24T17:00,625,confirmed,exact_label_path_best,Acumen embedded project/version label: project2,"{""folder_prefix_depth"": 1, ""matched_labels"": [""project2""]}"
A0120,F0091,ref1/.mpp test files/Project2 - Project5/P-P5 - Quick Add Metrics .xlsx,Acumen Fuse,Acumen Quick Add/Ribbon Export,F0090,ref1/.mpp test files/Project2 - Project5/2 vs 5/Project5_TAMPERED.mpp,Commercial Construction,2026-08-27T17:00,675,confirmed,exact_label_path_best,Acumen embedded project/version label: project5 tampered,"{""folder_prefix_depth"": 3, ""matched_labels"": [""project5 tampered""]}"
A0121,F0091,ref1/.mpp test files/Project2 - Project5/P-P5 - Quick Add Metrics .xlsx,Acumen Fuse,Acumen Quick Add/Ribbon Export,F0102,ref1/00_REFERENCE_INTAKEmppProject2.mpp,Commercial Construction,2026-05-24T17:00,625,confirmed,exact_label_path_best,Acumen embedded project/version label: project2,"{""folder_prefix_depth"": 1, ""matched_labels"": [""project2""]}"
A0122,F0092,ref1/.mpp test files/Project2 - Project5/P2-P5 - DCMA Report.xlsx,Acumen Fuse,Acumen DCMA/Summary Report,F0090,ref1/.mpp test files/Project2 - Project5/2 vs 5/Project5_TAMPERED.mpp,Commercial Construction,2026-08-27T17:00,675,confirmed,exact_label_path_best,Acumen embedded project/version label: project5 tampered,"{""folder_prefix_depth"": 3, ""matched_labels"": [""project5 tampered""]}"
A0123,F0092,ref1/.mpp test files/Project2 - Project5/P2-P5 - DCMA Report.xlsx,Acumen Fuse,Acumen DCMA/Summary Report,F0102,ref1/00_REFERENCE_INTAKEmppProject2.mpp,Commercial Construction,2026-05-24T17:00,745,confirmed,exact_label_path_best,Acumen embedded project/version label: project2 | embedded version date matches schedule status date,"{""folder_prefix_depth"": 1, ""matched_labels"": [""project2""]}"
A0124,F0093,ref1/.mpp test files/Project2 - Project5/P2-P5 - Detailed Metric Report.xlsx,Acumen Fuse,Acumen Detailed Metric Report,F0090,ref1/.mpp test files/Project2 - Project5/2 vs 5/Project5_TAMPERED.mpp,Commercial Construction,2026-08-27T17:00,675,confirmed,exact_label_path_best,Acumen embedded project/version label: project5 tampered,"{""folder_prefix_depth"": 3, ""matched_labels"": [""project5 tampered""]}"
A0125,F0093,ref1/.mpp test files/Project2 - Project5/P2-P5 - Detailed Metric Report.xlsx,Acumen Fuse,Acumen Detailed Metric Report,F0102,ref1/00_REFERENCE_INTAKEmppProject2.mpp,Commercial Construction,2026-05-24T17:00,625,confirmed,exact_label_path_best,Acumen embedded project/version label: project2,"{""folder_prefix_depth"": 1, ""matched_labels"": [""project2""]}"
A0126,F0094,ref1/.mpp test files/Project2 - Project5/P2-P5 - Metric History Report.xlsx,Acumen Fuse,Acumen Metric History Report,F0090,ref1/.mpp test files/Project2 - Project5/2 vs 5/Project5_TAMPERED.mpp,Commercial Construction,2026-08-27T17:00,795,confirmed,exact_label_path_best,Acumen embedded project/version label: project5 tampered | embedded version date matches schedule status date,"{""folder_prefix_depth"": 3, ""matched_labels"": [""project5 tampered""]}"
A0127,F0094,ref1/.mpp test files/Project2 - Project5/P2-P5 - Metric History Report.xlsx,Acumen Fuse,Acumen Metric History Report,F0102,ref1/00_REFERENCE_INTAKEmppProject2.mpp,Commercial Construction,2026-05-24T17:00,745,confirmed,exact_label_path_best,Acumen embedded project/version label: project2 | embedded version date matches schedule status date,"{""folder_prefix_depth"": 1, ""matched_labels"": [""project2""]}"
A0128,F0095,ref1/.mpp test files/Project2 - Project5/P2-P5 - Quick Add Metrics.xlsx,Acumen Fuse,Acumen Quick Add/Ribbon Export,F0090,ref1/.mpp test files/Project2 - Project5/2 vs 5/Project5_TAMPERED.mpp,Commercial Construction,2026-08-27T17:00,675,confirmed,exact_label_path_best,Acumen embedded project/version label: project5 tampered,"{""folder_prefix_depth"": 3, ""matched_labels"": [""project5 tampered""]}"
A0129,F0095,ref1/.mpp test files/Project2 - Project5/P2-P5 - Quick Add Metrics.xlsx,Acumen Fuse,Acumen Quick Add/Ribbon Export,F0102,ref1/00_REFERENCE_INTAKEmppProject2.mpp,Commercial Construction,2026-05-24T17:00,625,confirmed,exact_label_path_best,Acumen embedded project/version label: project2,"{""folder_prefix_depth"": 1, ""matched_labels"": [""project2""]}"
A0130,F0096,ref1/.mpp test files/Project2 - Project5/P2-P5.afw,Acumen Fuse Workspace,Acumen AFW Workspace,F0090,ref1/.mpp test files/Project2 - Project5/2 vs 5/Project5_TAMPERED.mpp,Commercial Construction,2026-08-27T17:00,1075,confirmed,explicit_mpp_reference,AFW explicitly references project5 tampered.mpp,"{""explicit_reference_label"": ""project5 tampered"", ""folder_prefix_depth"": 3}"
A0131,F0096,ref1/.mpp test files/Project2 - Project5/P2-P5.afw,Acumen Fuse Workspace,Acumen AFW Workspace,F0102,ref1/00_REFERENCE_INTAKEmppProject2.mpp,Commercial Construction,2026-05-24T17:00,1025,confirmed,explicit_mpp_reference,AFW explicitly references project2.mpp,"{""explicit_reference_label"": ""project2"", ""folder_prefix_depth"": 1}"
A0132,F0135,ref2/2345.afw,Acumen Fuse Workspace,Acumen AFW Workspace,F0008,ref1/.mpp test files/2-3-4-5/Project3.mpp,Commercial Construction,2026-06-30T17:00,1000,confirmed,explicit_mpp_reference,AFW explicitly references project3.mpp,"{""explicit_reference_label"": ""project3"", ""folder_prefix_depth"": 0}"
A0133,F0135,ref2/2345.afw,Acumen Fuse Workspace,Acumen AFW Workspace,F0009,ref1/.mpp test files/2-3-4-5/Project4.mpp,Commercial Construction,2026-07-29T17:00,1000,confirmed,explicit_mpp_reference,AFW explicitly references project4.mpp,"{""explicit_reference_label"": ""project4"", ""folder_prefix_depth"": 0}"
A0134,F0135,ref2/2345.afw,Acumen Fuse Workspace,Acumen AFW Workspace,F0010,ref1/.mpp test files/2-3-4-5/Project5_TAMPERED.mpp,Commercial Construction,2026-08-27T17:00,1000,confirmed,explicit_name_equivalence_class,AFW explicitly references project5 tampered.mpp,"{""explicit_reference_label"": ""project5 tampered"", ""folder_prefix_depth"": 0}"
A0135,F0135,ref2/2345.afw,Acumen Fuse Workspace,Acumen AFW Workspace,F0082,ref1/.mpp test files/Project 1-5/Project5_TAMPERED.mpp,Commercial Construction,2026-08-27T17:00,1000,confirmed,explicit_name_equivalence_class,AFW explicitly references project5 tampered.mpp,"{""explicit_reference_label"": ""project5 tampered"", ""folder_prefix_depth"": 0}"
A0136,F0135,ref2/2345.afw,Acumen Fuse Workspace,Acumen AFW Workspace,F0090,ref1/.mpp test files/Project2 - Project5/2 vs 5/Project5_TAMPERED.mpp,Commercial Construction,2026-08-27T17:00,1000,confirmed,explicit_name_equivalence_class,AFW explicitly references project5 tampered.mpp,"{""explicit_reference_label"": ""project5 tampered"", ""folder_prefix_depth"": 0}"
A0137,F0135,ref2/2345.afw,Acumen Fuse Workspace,Acumen AFW Workspace,F0102,ref1/00_REFERENCE_INTAKEmppProject2.mpp,Commercial Construction,2026-05-24T17:00,1000,confirmed,explicit_mpp_reference,AFW explicitly references project2.mpp,"{""explicit_reference_label"": ""project2"", ""folder_prefix_depth"": 0}"
A0138,F0139,ref2/Hard_File Forensic Analysis Report.xlsx,Acumen Fuse,Acumen Forensic Analysis Report,F0036,ref1/.mpp test files/Hard_File/Hard_File.mpp,Customer Service Ramp Up,2026-07-07T17:00,600,confirmed,exact_label_source_ambiguous,Acumen embedded project/version label: hard file,"{""folder_prefix_depth"": 0, ""matched_labels"": [""hard file""]}"
A0139,F0139,ref2/Hard_File Forensic Analysis Report.xlsx,Acumen Fuse,Acumen Forensic Analysis Report,F0058,ref1/.mpp test files/Hard_File/Hard_File_updated.mpp,Customer Service Ramp Up,2026-08-11T17:00,600,confirmed,exact_label_source_ambiguous,Acumen embedded project/version label: hard file updated,"{""folder_prefix_depth"": 0, ""matched_labels"": [""hard file updated""]}"
A0140,F0140,ref2/Hard_File_Fuse.afw,Acumen Fuse Workspace,Acumen AFW Workspace,F0036,ref1/.mpp test files/Hard_File/Hard_File.mpp,Customer Service Ramp Up,2026-07-07T17:00,1000,confirmed,explicit_mpp_reference,AFW explicitly references hard file.mpp,"{""explicit_reference_label"": ""hard file"", ""folder_prefix_depth"": 0}"
A0141,F0140,ref2/Hard_File_Fuse.afw,Acumen Fuse Workspace,Acumen AFW Workspace,F0058,ref1/.mpp test files/Hard_File/Hard_File_updated.mpp,Customer Service Ramp Up,2026-08-11T17:00,1000,confirmed,explicit_mpp_reference,AFW explicitly references hard file updated.mpp,"{""explicit_reference_label"": ""hard file updated"", ""folder_prefix_depth"": 0}"
A0142,F0141,ref2/Large Test File (OverAl Fixed) UID_152_Directional_Path_Analysis_2026-6-24-13-17-48.xlsx,SSI Tools,SSI Directional Path Export,F0110,ref1/Large Test File Leveled with Driving Slack Not Leveled.mpp,USA OTB Master IMS,2025-02-07T17:00,900,confirmed,exact,UID+name exact 783/783 | start/finish exact 783/783,"{""date_comparable"": 783, ""date_match"": 783, ""name_match"": 783, ""rows"": 783, ""uid_match"": 783}"
A0143,F0142,ref2/Large_Test_File_UID_152_Directional_Path_Analysis_2026-7-8-8-45-50.xlsx,SSI Tools,SSI Directional Path Export,F0078,ref1/.mpp test files/Large Test File/Large Test File.mpp,Longstar Master IMS,2025-02-07T17:00,1300,confirmed,equivalence_class,SSI Project column exact alias | UID+name exact 76/76 | start/finish exact 76/76,"{""date_comparable"": 76, ""date_match"": 76, ""name_match"": 76, ""rows"": 76, ""uid_match"": 76}"
A0144,F0142,ref2/Large_Test_File_UID_152_Directional_Path_Analysis_2026-7-8-8-45-50.xlsx,SSI Tools,SSI Directional Path Export,F0080,ref1/.mpp test files/Large Test File/Large_Test_File.mpp,Longstar Master IMS,2025-02-07T17:00,1300,confirmed,equivalence_class,SSI Project column exact alias | UID+name exact 76/76 | start/finish exact 76/76,"{""date_comparable"": 76, ""date_match"": 76, ""name_match"": 76, ""rows"": 76, ""uid_match"": 76}"
A0145,F0144,ref2/Project2 vs Project5_TAMPERED Forensic Analysis Report.xlsx,Acumen Fuse,Acumen Forensic Analysis Report,F0010,ref1/.mpp test files/2-3-4-5/Project5_TAMPERED.mpp,Commercial Construction,2026-08-27T17:00,600,confirmed,exact_label_source_ambiguous,Acumen embedded project/version label: project5 tampered,"{""folder_prefix_depth"": 0, ""matched_labels"": [""project5 tampered""]}"
A0146,F0144,ref2/Project2 vs Project5_TAMPERED Forensic Analysis Report.xlsx,Acumen Fuse,Acumen Forensic Analysis Report,F0082,ref1/.mpp test files/Project 1-5/Project5_TAMPERED.mpp,Commercial Construction,2026-08-27T17:00,600,confirmed,exact_label_source_ambiguous,Acumen embedded project/version label: project5 tampered,"{""folder_prefix_depth"": 0, ""matched_labels"": [""project5 tampered""]}"
A0147,F0144,ref2/Project2 vs Project5_TAMPERED Forensic Analysis Report.xlsx,Acumen Fuse,Acumen Forensic Analysis Report,F0090,ref1/.mpp test files/Project2 - Project5/2 vs 5/Project5_TAMPERED.mpp,Commercial Construction,2026-08-27T17:00,600,confirmed,exact_label_source_ambiguous,Acumen embedded project/version label: project5 tampered,"{""folder_prefix_depth"": 0, ""matched_labels"": [""project5 tampered""]}"
A0148,F0144,ref2/Project2 vs Project5_TAMPERED Forensic Analysis Report.xlsx,Acumen Fuse,Acumen Forensic Analysis Report,F0102,ref1/00_REFERENCE_INTAKEmppProject2.mpp,Commercial Construction,2026-05-24T17:00,600,confirmed,exact_label_source_ambiguous,Acumen embedded project/version label: project2,"{""folder_prefix_depth"": 0, ""matched_labels"": [""project2""]}"
A0149,F0145,ref2/Project5_TAMPERED_UID_67_Directional_Path_Analysis_2026-7-8-8-19-10.xlsx,SSI Tools,SSI Directional Path Export,F0010,ref1/.mpp test files/2-3-4-5/Project5_TAMPERED.mpp,Commercial Construction,2026-08-27T17:00,1300,confirmed,equivalence_class,SSI Project column exact alias | UID+name exact 20/20 | start/finish exact 20/20,"{""date_comparable"": 20, ""date_match"": 20, ""name_match"": 20, ""rows"": 20, ""uid_match"": 20}"
A0150,F0145,ref2/Project5_TAMPERED_UID_67_Directional_Path_Analysis_2026-7-8-8-19-10.xlsx,SSI Tools,SSI Directional Path Export,F0082,ref1/.mpp test files/Project 1-5/Project5_TAMPERED.mpp,Commercial Construction,2026-08-27T17:00,1300,confirmed,equivalence_class,SSI Project column exact alias | UID+name exact 20/20 | start/finish exact 20/20,"{""date_comparable"": 20, ""date_match"": 20, ""name_match"": 20, ""rows"": 20, ""uid_match"": 20}"
A0151,F0145,ref2/Project5_TAMPERED_UID_67_Directional_Path_Analysis_2026-7-8-8-19-10.xlsx,SSI Tools,SSI Directional Path Export,F0090,ref1/.mpp test files/Project2 - Project5/2 vs 5/Project5_TAMPERED.mpp,Commercial Construction,2026-08-27T17:00,1300,confirmed,equivalence_class,SSI Project column exact alias | UID+name exact 20/20 | start/finish exact 20/20,"{""date_comparable"": 20, ""date_match"": 20, ""name_match"": 20, ""rows"": 20, ""uid_match"": 20}"
A0152,F0146,ref2/SRA Risk - Project5_TAMPERED - SRA.xlsx,SSI-method SRA,SRA Focus-Finish Distribution,F0010,ref1/.mpp test files/2-3-4-5/Project5_TAMPERED.mpp,Commercial Construction,2026-08-27T17:00,650,probable,focus_event_equivalence_class,Workbook filename names Project5_TAMPERED | Focus event name exact: Issue final request for payment | Focus UID 145 established by companion SRA workbooks,"{""focus_name"": ""Issue final request for payment"", ""focus_uid"": 145, ""row_level_source_match"": ""not available in this workbook""}"
A0153,F0146,ref2/SRA Risk - Project5_TAMPERED - SRA.xlsx,SSI-method SRA,SRA Focus-Finish Distribution,F0081,ref1/.mpp test files/Project 1-5/Project5.mpp,Commercial Construction,2026-08-27T17:00,650,probable,focus_event_equivalence_class,Workbook filename names Project5_TAMPERED | Focus event name exact: Issue final request for payment | Focus UID 145 established by companion SRA workbooks,"{""focus_name"": ""Issue final request for payment"", ""focus_uid"": 145, ""row_level_source_match"": ""not available in this workbook""}"
A0154,F0146,ref2/SRA Risk - Project5_TAMPERED - SRA.xlsx,SSI-method SRA,SRA Focus-Finish Distribution,F0082,ref1/.mpp test files/Project 1-5/Project5_TAMPERED.mpp,Commercial Construction,2026-08-27T17:00,650,probable,focus_event_equivalence_class,Workbook filename names Project5_TAMPERED | Focus event name exact: Issue final request for payment | Focus UID 145 established by companion SRA workbooks,"{""focus_name"": ""Issue final request for payment"", ""focus_uid"": 145, ""row_level_source_match"": ""not available in this workbook""}"
A0155,F0146,ref2/SRA Risk - Project5_TAMPERED - SRA.xlsx,SSI-method SRA,SRA Focus-Finish Distribution,F0090,ref1/.mpp test files/Project2 - Project5/2 vs 5/Project5_TAMPERED.mpp,Commercial Construction,2026-08-27T17:00,650,probable,focus_event_equivalence_class,Workbook filename names Project5_TAMPERED | Focus event name exact: Issue final request for payment | Focus UID 145 established by companion SRA workbooks,"{""focus_name"": ""Issue final request for payment"", ""focus_uid"": 145, ""row_level_source_match"": ""not available in this workbook""}"
A0156,F0147,ref2/SRA Sensitivity Analysis.xlsx,SSI-method SRA,SRA Sensitivity Analysis,F0010,ref1/.mpp test files/2-3-4-5/Project5_TAMPERED.mpp,Commercial Construction,2026-08-27T17:00,900,confirmed-structural,semantic_equivalence_class,SRA task UID exact 19/19 | SRA task name exact 19/19 | Focus event UID 145 and name match Project5 family,"{""focus_uid"": 145, ""name_match"": 19, ""rows"": 19, ""uid_match"": 19, ""vendor_parity_role"": ""reference/structural; not promoted to official SSI oracle""}"
A0157,F0147,ref2/SRA Sensitivity Analysis.xlsx,SSI-method SRA,SRA Sensitivity Analysis,F0081,ref1/.mpp test files/Project 1-5/Project5.mpp,Commercial Construction,2026-08-27T17:00,900,confirmed-structural,semantic_equivalence_class,SRA task UID exact 19/19 | SRA task name exact 19/19 | Focus event UID 145 and name match Project5 family,"{""focus_uid"": 145, ""name_match"": 19, ""rows"": 19, ""uid_match"": 19, ""vendor_parity_role"": ""reference/structural; not promoted to official SSI oracle""}"
A0158,F0147,ref2/SRA Sensitivity Analysis.xlsx,SSI-method SRA,SRA Sensitivity Analysis,F0082,ref1/.mpp test files/Project 1-5/Project5_TAMPERED.mpp,Commercial Construction,2026-08-27T17:00,900,confirmed-structural,semantic_equivalence_class,SRA task UID exact 19/19 | SRA task name exact 19/19 | Focus event UID 145 and name match Project5 family,"{""focus_uid"": 145, ""name_match"": 19, ""rows"": 19, ""uid_match"": 19, ""vendor_parity_role"": ""reference/structural; not promoted to official SSI oracle""}"
A0159,F0147,ref2/SRA Sensitivity Analysis.xlsx,SSI-method SRA,SRA Sensitivity Analysis,F0090,ref1/.mpp test files/Project2 - Project5/2 vs 5/Project5_TAMPERED.mpp,Commercial Construction,2026-08-27T17:00,900,confirmed-structural,semantic_equivalence_class,SRA task UID exact 19/19 | SRA task name exact 19/19 | Focus event UID 145 and name match Project5 family,"{""focus_uid"": 145, ""name_match"": 19, ""rows"": 19, ""uid_match"": 19, ""vendor_parity_role"": ""reference/structural; not promoted to official SSI oracle""}"
A0160,F0150,ref2/sra-ssi (January 2026).xlsx,SSI-method SRA,SSI-method SRA Results Workbook,F0077,ref1/.mpp test files/Large Test File/Large Test File Leveled.mpp,USA OTB Master IMS,2025-02-07T17:00,500,probable,title_focus_equivalence_class,Run setup schedule title exact: USA OTB Master IMS | Run setup focus UID 152 and focus name Ready to Ship,"{""focus_name"": ""Ready to Ship"", ""focus_uid"": 152, ""limitation"": ""No task-level rows available to distinguish leveled variants"", ""per_task_rows"": 0}"
A0161,F0150,ref2/sra-ssi (January 2026).xlsx,SSI-method SRA,SSI-method SRA Results Workbook,F0109,ref1/Large Test File Leveled (OVERALLOCATION FIXED).mpp,USA OTB Master IMS,2025-02-07T17:00,500,probable,title_focus_equivalence_class,Run setup schedule title exact: USA OTB Master IMS | Run setup focus UID 152 and focus name Ready to Ship,"{""focus_name"": ""Ready to Ship"", ""focus_uid"": 152, ""limitation"": ""No task-level rows available to distinguish leveled variants"", ""per_task_rows"": 0}"
A0162,F0150,ref2/sra-ssi (January 2026).xlsx,SSI-method SRA,SSI-method SRA Results Workbook,F0110,ref1/Large Test File Leveled with Driving Slack Not Leveled.mpp,USA OTB Master IMS,2025-02-07T17:00,500,probable,title_focus_equivalence_class,Run setup schedule title exact: USA OTB Master IMS | Run setup focus UID 152 and focus name Ready to Ship,"{""focus_name"": ""Ready to Ship"", ""focus_uid"": 152, ""limitation"": ""No task-level rows available to distinguish leveled variants"", ""per_task_rows"": 0}"
A0163,F0150,ref2/sra-ssi (January 2026).xlsx,SSI-method SRA,SSI-method SRA Results Workbook,F0111,ref1/Large Test File Leveled with Driving Slack.mpp,USA OTB Master IMS,2025-02-07T17:00,500,probable,title_focus_equivalence_class,Run setup schedule title exact: USA OTB Master IMS | Run setup focus UID 152 and focus name Ready to Ship,"{""focus_name"": ""Ready to Ship"", ""focus_uid"": 152, ""limitation"": ""No task-level rows available to distinguish leveled variants"", ""per_task_rows"": 0}"
A0164,F0152,ref2/sra-ssi.xlsx,SSI-method SRA,SSI-method SRA Results Workbook,F0010,ref1/.mpp test files/2-3-4-5/Project5_TAMPERED.mpp,Commercial Construction,2026-08-27T17:00,1000,confirmed-structural,semantic_equivalence_class,Per-task UID exact 126/126 | Per-task task name exact 126/126 | Run setup identifies focus UID 145,"{""focus_uid"": 145, ""name_match"": 126, ""rows"": 126, ""uid_match"": 126, ""vendor_parity_role"": ""reference/structural; stochastic results require seed and configuration""}"
A0165,F0152,ref2/sra-ssi.xlsx,SSI-method SRA,SSI-method SRA Results Workbook,F0081,ref1/.mpp test files/Project 1-5/Project5.mpp,Commercial Construction,2026-08-27T17:00,1000,confirmed-structural,semantic_equivalence_class,Per-task UID exact 126/126 | Per-task task name exact 126/126 | Run setup identifies focus UID 145,"{""focus_uid"": 145, ""name_match"": 126, ""rows"": 126, ""uid_match"": 126, ""vendor_parity_role"": ""reference/structural; stochastic results require seed and configuration""}"
A0166,F0152,ref2/sra-ssi.xlsx,SSI-method SRA,SSI-method SRA Results Workbook,F0082,ref1/.mpp test files/Project 1-5/Project5_TAMPERED.mpp,Commercial Construction,2026-08-27T17:00,1000,confirmed-structural,semantic_equivalence_class,Per-task UID exact 126/126 | Per-task task name exact 126/126 | Run setup identifies focus UID 145,"{""focus_uid"": 145, ""name_match"": 126, ""rows"": 126, ""uid_match"": 126, ""vendor_parity_role"": ""reference/structural; stochastic results require seed and configuration""}"
A0167,F0152,ref2/sra-ssi.xlsx,SSI-method SRA,SSI-method SRA Results Workbook,F0090,ref1/.mpp test files/Project2 - Project5/2 vs 5/Project5_TAMPERED.mpp,Commercial Construction,2026-08-27T17:00,1000,confirmed-structural,semantic_equivalence_class,Per-task UID exact 126/126 | Per-task task name exact 126/126 | Run setup identifies focus UID 145,"{""focus_uid"": 145, ""name_match"": 126, ""rows"": 126, ""uid_match"": 126, ""vendor_parity_role"": ""reference/structural; stochastic results require seed and configuration""}"
A0168,F0164,ref2/UID_145_Directional_Path_Analysis_2026-6-22-11-35-10.xlsx,SSI Tools,SSI Directional Path Export,F0010,ref1/.mpp test files/2-3-4-5/Project5_TAMPERED.mpp,Commercial Construction,2026-08-27T17:00,1300,confirmed,equivalence_class,SSI Project column exact alias | UID+name exact 108/108 | start/finish exact 108/108,"{""date_comparable"": 108, ""date_match"": 108, ""name_match"": 108, ""rows"": 108, ""uid_match"": 108}"
A0169,F0164,ref2/UID_145_Directional_Path_Analysis_2026-6-22-11-35-10.xlsx,SSI Tools,SSI Directional Path Export,F0082,ref1/.mpp test files/Project 1-5/Project5_TAMPERED.mpp,Commercial Construction,2026-08-27T17:00,1300,confirmed,equivalence_class,SSI Project column exact alias | UID+name exact 108/108 | start/finish exact 108/108,"{""date_comparable"": 108, ""date_match"": 108, ""name_match"": 108, ""rows"": 108, ""uid_match"": 108}"
A0170,F0164,ref2/UID_145_Directional_Path_Analysis_2026-6-22-11-35-10.xlsx,SSI Tools,SSI Directional Path Export,F0090,ref1/.mpp test files/Project2 - Project5/2 vs 5/Project5_TAMPERED.mpp,Commercial Construction,2026-08-27T17:00,1300,confirmed,equivalence_class,SSI Project column exact alias | UID+name exact 108/108 | start/finish exact 108/108,"{""date_comparable"": 108, ""date_match"": 108, ""name_match"": 108, ""rows"": 108, ""uid_match"": 108}"
A0171,F0165,ref2/UID_145_Directional_Path_Analysis_2026-6-23-12-28-46.xlsx,SSI Tools,SSI Directional Path Export,F0010,ref1/.mpp test files/2-3-4-5/Project5_TAMPERED.mpp,Commercial Construction,2026-08-27T17:00,1300,confirmed,equivalence_class,SSI Project column exact alias | UID+name exact 13/13 | start/finish exact 13/13,"{""date_comparable"": 13, ""date_match"": 13, ""name_match"": 13, ""rows"": 13, ""uid_match"": 13}"
A0172,F0165,ref2/UID_145_Directional_Path_Analysis_2026-6-23-12-28-46.xlsx,SSI Tools,SSI Directional Path Export,F0082,ref1/.mpp test files/Project 1-5/Project5_TAMPERED.mpp,Commercial Construction,2026-08-27T17:00,1300,confirmed,equivalence_class,SSI Project column exact alias | UID+name exact 13/13 | start/finish exact 13/13,"{""date_comparable"": 13, ""date_match"": 13, ""name_match"": 13, ""rows"": 13, ""uid_match"": 13}"
A0173,F0165,ref2/UID_145_Directional_Path_Analysis_2026-6-23-12-28-46.xlsx,SSI Tools,SSI Directional Path Export,F0090,ref1/.mpp test files/Project2 - Project5/2 vs 5/Project5_TAMPERED.mpp,Commercial Construction,2026-08-27T17:00,1300,confirmed,equivalence_class,SSI Project column exact alias | UID+name exact 13/13 | start/finish exact 13/13,"{""date_comparable"": 13, ""date_match"": 13, ""name_match"": 13, ""rows"": 13, ""uid_match"": 13}"
A0174,F0166,ref2/UID_145_Directional_Path_Analysis_All_Dependencies_2026-6-23-12-37-10.xlsx,SSI Tools,SSI Directional Path Export,F0010,ref1/.mpp test files/2-3-4-5/Project5_TAMPERED.mpp,Commercial Construction,2026-08-27T17:00,1300,confirmed,equivalence_class,SSI Project column exact alias | UID+name exact 108/108 | start/finish exact 108/108,"{""date_comparable"": 108, ""date_match"": 108, ""name_match"": 108, ""rows"": 108, ""uid_match"": 108}"
A0175,F0166,ref2/UID_145_Directional_Path_Analysis_All_Dependencies_2026-6-23-12-37-10.xlsx,SSI Tools,SSI Directional Path Export,F0082,ref1/.mpp test files/Project 1-5/Project5_TAMPERED.mpp,Commercial Construction,2026-08-27T17:00,1300,confirmed,equivalence_class,SSI Project column exact alias | UID+name exact 108/108 | start/finish exact 108/108,"{""date_comparable"": 108, ""date_match"": 108, ""name_match"": 108, ""rows"": 108, ""uid_match"": 108}"
A0176,F0166,ref2/UID_145_Directional_Path_Analysis_All_Dependencies_2026-6-23-12-37-10.xlsx,SSI Tools,SSI Directional Path Export,F0090,ref1/.mpp test files/Project2 - Project5/2 vs 5/Project5_TAMPERED.mpp,Commercial Construction,2026-08-27T17:00,1300,confirmed,equivalence_class,SSI Project column exact alias | UID+name exact 108/108 | start/finish exact 108/108,"{""date_comparable"": 108, ""date_match"": 108, ""name_match"": 108, ""rows"": 108, ""uid_match"": 108}"
A0177,F0167,ref2/UID_152_Directional_Path_Analysis_2026-6-23-12-46-44.xlsx,SSI Tools,SSI Directional Path Export,F0110,ref1/Large Test File Leveled with Driving Slack Not Leveled.mpp,USA OTB Master IMS,2025-02-07T17:00,900,confirmed,exact,UID+name exact 783/783 | start/finish exact 783/783,"{""date_comparable"": 783, ""date_match"": 783, ""name_match"": 783, ""rows"": 783, ""uid_match"": 783}"
A0178,F0168,ref2/UID_152_Directional_Path_Analysis_All Dependents Not Leveled_2026-6-23-20-30-55.xlsx,SSI Tools,SSI Directional Path Export,F0111,ref1/Large Test File Leveled with Driving Slack.mpp,USA OTB Master IMS,2025-02-07T17:00,1150,probable,structural_only,SSI Project column exact alias | UID+name exact 783/783 | start/finish >=95% 757/783,"{""date_comparable"": 783, ""date_match"": 757, ""name_match"": 783, ""rows"": 783, ""uid_match"": 783}"
A0179,F0169,ref2/UID_152_Directional_Path_Analysis_ALL_2026-6-23-15-5-21.xlsx,SSI Tools,SSI Directional Path Export,F0110,ref1/Large Test File Leveled with Driving Slack Not Leveled.mpp,USA OTB Master IMS,2025-02-07T17:00,900,confirmed,exact,UID+name exact 783/783 | start/finish exact 783/783,"{""date_comparable"": 783, ""date_match"": 783, ""name_match"": 783, ""rows"": 783, ""uid_match"": 783}"
A0180,F0170,ref2/UID_152_Directional_Path_Analysis_Leveled_All_Dependents_2026-6-23-20-28-26.xlsx,SSI Tools,SSI Directional Path Export,F0077,ref1/.mpp test files/Large Test File/Large Test File Leveled.mpp,USA OTB Master IMS,2025-02-07T17:00,1150,probable,structural_only,SSI Project column exact alias | UID+name exact 783/783 | start/finish >=95% 753/783,"{""date_comparable"": 783, ""date_match"": 753, ""name_match"": 783, ""rows"": 783, ""uid_match"": 783}"
A0181,F0171,ref2/UID_152_Directional_Path_Analysis_Resource_Level_2026-6-23-17-8-43.xlsx,SSI Tools,SSI Directional Path Export,F0111,ref1/Large Test File Leveled with Driving Slack.mpp,USA OTB Master IMS,2025-02-07T17:00,900,confirmed,exact,UID+name exact 783/783 | start/finish exact 783/783,"{""date_comparable"": 783, ""date_match"": 783, ""name_match"": 783, ""rows"": 783, ""uid_match"": 783}"
A0182,F0172,ref2/UID_4_Directional_Path_Analysis_2026-6-23-15-42-46.xlsx,SSI Tools,SSI Directional Path Export,F0104,ref1/5 Task Test File.mpp,5 Task Test File,2026-07-06T17:00,800,structural-only,structural_only,SSI Project column exact alias | UID+name exact 4/4,"{""date_comparable"": 4, ""date_match"": 1, ""name_match"": 4, ""rows"": 4, ""uid_match"": 4}"
A0183,F0173,ref2/UID_4_Directional_Path_Analysis_Progress_2026-6-23-16-0-6.xlsx,SSI Tools,SSI Directional Path Export,F0104,ref1/5 Task Test File.mpp,5 Task Test File,2026-07-06T17:00,800,structural-only,structural_only,SSI Project column exact alias | UID+name exact 4/4,"{""date_comparable"": 4, ""date_match"": 1, ""name_match"": 4, ""rows"": 4, ""uid_match"": 4}"
A0184,F0174,ref2/UID_4_Directional_Path_Analysis_Split_2026-6-23-16-31-24.xlsx,SSI Tools,SSI Directional Path Export,F0104,ref1/5 Task Test File.mpp,5 Task Test File,2026-07-06T17:00,1300,confirmed,exact,SSI Project column exact alias | UID+name exact 4/4 | start/finish exact 4/4,"{""date_comparable"": 4, ""date_match"": 4, ""name_match"": 4, ""rows"": 4, ""uid_match"": 4}"
A0185,F0175,ref2/Workbook1 - DCMA Report.xlsx,Acumen Fuse,Acumen DCMA/Summary Report,F0078,ref1/.mpp test files/Large Test File/Large Test File.mpp,Longstar Master IMS,2025-02-07T17:00,600,confirmed,exact_label_source_ambiguous,Acumen embedded project/version label: large test file,"{""folder_prefix_depth"": 0, ""matched_labels"": [""large test file""]}"
A0186,F0175,ref2/Workbook1 - DCMA Report.xlsx,Acumen Fuse,Acumen DCMA/Summary Report,F0079,ref1/.mpp test files/Large Test File/Large Test File2.mpp,Longstar Master IMS,2025-03-10T17:00,600,confirmed,exact_label_source_ambiguous,Acumen embedded project/version label: large test file2,"{""folder_prefix_depth"": 0, ""matched_labels"": [""large test file2""]}"
A0187,F0175,ref2/Workbook1 - DCMA Report.xlsx,Acumen Fuse,Acumen DCMA/Summary Report,F0080,ref1/.mpp test files/Large Test File/Large_Test_File.mpp,Longstar Master IMS,2025-02-07T17:00,600,confirmed,exact_label_source_ambiguous,Acumen embedded project/version label: large test file,"{""folder_prefix_depth"": 0, ""matched_labels"": [""large test file""]}"
