file_id,canonical_path,family_id,path_ids,as_oracle_association_ids,as_schedule_association_ids,oracle_test_case_ids,schedule_test_case_ids,mpp_xml_pair_ids,equivalence_class_ids,repository_item_ids
F0001,ref1/.mpp test files/2-3-4-5/2345 - DCMA Report.xlsx,FAM008,P0001|P0005|P0027|P0073|P0249|P0271,A0001|A0002|A0003|A0004,,TC-F0001,,,,
F0002,ref1/.mpp test files/2-3-4-5/2345 - Metric History Report.xlsx,FAM008,P0002|P0006|P0028|P0074|P0250|P0272,A0005|A0006|A0007|A0008,,TC-F0002,,,,
F0003,ref1/.mpp test files/2-3-4-5/2345 - Quick Add Metrics.xlsx,FAM008,P0003|P0007|P0029|P0075|P0251|P0273,A0009|A0010|A0011|A0012,,TC-F0003,,,,
F0004,ref1/.mpp test files/2-3-4-5/2345.zip,FAM008,P0004,,,,,,,
F0005,ref1/.mpp test files/2-3-4-5/L12 - Detailed Metric Report.xlsx,FAM005,P0008|P0030|P0054|P0076|P0252|P0274,A0013|A0014|A0015,,TC-F0005,,,,
F0006,ref1/.mpp test files/2-3-4-5/L12- Metric History Report.xlsx,FAM005,P0009|P0031|P0055|P0077|P0253|P0275,A0016|A0017|A0018,,TC-F0006,,,,
F0007,ref1/.mpp test files/2-3-4-5/L12- Quick Add Metrics.xlsx,FAM005,P0010|P0032|P0056|P0078|P0254|P0276,A0019|A0020|A0021,,TC-F0007,,,,
F0008,ref1/.mpp test files/2-3-4-5/Project3.mpp,FAM008,P0012|P0034|P0058|P0080|P0169|P0256|P0278|P0349|P0359|P0399,,A0001|A0005|A0009|A0132,,TC-F0001|TC-F0002|TC-F0003|TC-F0135,,,
F0009,ref1/.mpp test files/2-3-4-5/Project4.mpp,FAM008,P0013|P0035|P0059|P0081|P0170|P0257|P0279|P0350|P0360|P0400,,A0002|A0006|A0010|A0133,,TC-F0001|TC-F0002|TC-F0003|TC-F0135,,,
F0010,ref1/.mpp test files/2-3-4-5/Project5_TAMPERED.mpp,FAM008,P0014|P0036|P0060|P0082|P0189|P0258|P0280|P0339|P0345|P0351|P0361|P0401,,A0003|A0007|A0011|A0134|A0145|A0149|A0152|A0156|A0164|A0168|A0171|A0174,,TC-F0001|TC-F0002|TC-F0003|TC-F0135|TC-F0144|TC-F0145|TC-F0146|TC-F0147|TC-F0152|TC-F0164|TC-F0165|TC-F0166,,EQ004|EQ006|EQ007|EQ008|EQ009|EQ011|EQ012|EQ013|EQ014,
F0011,ref1/.mpp test files/2-3-4-5/TP - Metric History Report.xlsx,FAM010,P0015|P0037|P0061|P0083|P0259|P0281,A0022|A0023|A0024|A0025|A0026,,TC-F0011,,,,
F0012,ref1/.mpp test files/2-3-4-5/TP - Quick Add Metrics.xlsx,FAM010,P0016|P0038|P0062|P0084|P0260|P0282,A0027|A0028|A0029|A0030|A0031,,TC-F0012,,,,
F0013,ref1/.mpp test files/2-3-4-5/TP- Detailed Metric Report.xlsx,FAM010,P0017|P0039|P0063|P0085|P0261|P0283,A0032|A0033|A0034|A0035|A0036,,TC-F0013,,,,
F0014,ref1/.mpp test files/2-3-4-5/TP1 - Detailed Metric Report.xlsx,FAM010,P0018|P0040|P0064|P0086|P0262|P0284,A0037,,TC-F0014,,,,
F0015,ref1/.mpp test files/2-3-4-5/TP1 - Metric History Report.xlsx,FAM010,P0019|P0041|P0065|P0087|P0263|P0285,A0038,,TC-F0015,,,,
F0016,ref1/.mpp test files/2-3-4-5/TP1 - Quick Add Metrics.xlsx,FAM010,P0020|P0042|P0066|P0088|P0264|P0286,A0039,,TC-F0016,,,,
F0017,ref1/.mpp test files/2-3-4-5/TP23- Detailed Metric Report.xlsx,FAM010,P0021|P0043|P0067|P0089|P0265|P0287,A0040|A0041,,TC-F0017,,,,
F0018,ref1/.mpp test files/2-3-4-5/TP23- Metric History Report.xlsx,FAM010,P0022|P0044|P0068|P0090|P0266|P0288,A0042|A0043,,TC-F0018,,,,
F0019,ref1/.mpp test files/2-3-4-5/TP23- Quick Add Metrics.xlsx,FAM010,P0023|P0045|P0069|P0091|P0267|P0289,A0044|A0045,,TC-F0019,,,,
F0020,ref1/.mpp test files/2-3-4-5/TP4_DataCenter_v1.mpp,FAM011,P0024|P0046|P0070|P0092|P0268|P0290|P0368|P0382|P0408,,,,,MX001,,
F0021,ref1/.mpp test files/2-3-4-5/TP4_DataCenter_v2.mpp,FAM011,P0025|P0047|P0071|P0093|P0269|P0291|P0370|P0384|P0410,,A0022|A0027|A0032,,TC-F0011|TC-F0012|TC-F0013,MX002,,
F0022,ref1/.mpp test files/2-3-4-5/TP4_DataCenter_v2.zip,FAM011,P0026|P0072|P0270,,,,,,,
F0023,ref1/.mpp test files/2-3-4-5/TP4_DataCenter_v3.mpp,FAM011,P0048|P0051|P0094|P0097|P0292|P0295|P0372|P0386|P0412,,A0023|A0028|A0033,,TC-F0011|TC-F0012|TC-F0013,MX003,,
F0024,ref1/.mpp test files/2-3-4-5/TP4_DataCenter_v4.mpp,FAM011,P0049|P0052|P0095|P0098|P0293|P0296|P0374|P0388|P0414,,A0024|A0029|A0034,,TC-F0011|TC-F0012|TC-F0013,MX004,,
F0025,ref1/.mpp test files/2-3-4-5/TP4_DataCenter_v5.mpp,FAM011,P0050|P0053|P0096|P0099|P0294|P0297|P0376|P0390|P0416,,A0025|A0030|A0035,,TC-F0011|TC-F0012|TC-F0013,MX005,,
F0026,ref1/.mpp test files/EVM/EVM - Quick Add Metrics.docx,FAM001,P0100|P0103|P0299|P0302,,,,,,,
F0027,ref1/.mpp test files/EVM/EVM- Metric History Report.xlsx,FAM001,P0101|P0104|P0300|P0303,A0046|A0047,,TC-F0027,,,,
F0028,ref1/.mpp test files/EVM/EVM- Metric History Report.zip,FAM001,P0102|P0301,,,,,,,
F0029,ref1/.mpp test files/EVM/EVM.afw,FAM001,P0105|P0110|P0304|P0309,A0048|A0049,,TC-F0029,,,,
F0030,ref1/.mpp test files/EVM/EVM1 Forensic Analysis Report.xlsx,FAM001,P0106|P0111|P0305|P0310,A0050|A0051,,TC-F0030,,,,
F0031,ref1/.mpp test files/EVM/EVM1- Quick Add Metrics .xlsx,FAM001,P0107|P0112|P0306|P0311,A0052|A0053,,TC-F0031,,,,
F0032,ref1/.mpp test files/EVM/EVM1.mpp,FAM001,P0113|P0314|P0355|P0395,,A0046|A0048|A0050|A0052|A0054|A0056,,TC-F0027|TC-F0029|TC-F0030|TC-F0031|TC-F0033|TC-F0035,,,
F0033,ref1/.mpp test files/EVM/EVM2 - Quick Add Metrics.xlsx,FAM001,P0108|P0114|P0307|P0312,A0054|A0055,,TC-F0033,,,,
F0034,ref1/.mpp test files/EVM/EVM2.mpp,FAM001,P0115|P0315|P0356|P0396,,A0047|A0049|A0051|A0053|A0055|A0057,,TC-F0027|TC-F0029|TC-F0030|TC-F0031|TC-F0033|TC-F0035,,,
F0035,ref1/.mpp test files/EVM/EVM3- Detailed Metric Report.xlsx,FAM001,P0109|P0116|P0308|P0313,A0056|A0057,,TC-F0035,,,,
F0036,ref1/.mpp test files/Hard_File/Hard_File.mpp,FAM003,P0117,,A0058|A0060|A0062|A0064|A0066|A0067|A0138|A0140,,TC-F0037|TC-F0038|TC-F0039|TC-F0040|TC-F0041|TC-F0042|TC-F0139|TC-F0140,,,
F0037,ref1/.mpp test files/Hard_File/Hard_File_Fuse - Fuse Analysis Report.xlsx,FAM003,P0118,A0058|A0059,,TC-F0037,,,,
F0038,ref1/.mpp test files/Hard_File/Hard_File_Fuse - Metric History Report.xlsx,FAM003,P0119,A0060|A0061,,TC-F0038,,,,
F0039,ref1/.mpp test files/Hard_File/Hard_File_Fuse - Quick Add Metrics .xlsx,FAM003,P0120,A0062|A0063,,TC-F0039,,,,
F0040,ref1/.mpp test files/Hard_File/Hard_File_Fuse - Summary Metric Report.xlsx,FAM003,P0121,A0064|A0065,,TC-F0040,,,,
F0041,ref1/.mpp test files/Hard_File/Hard_File_missing_logic.xlsx,FAM003,P0122,A0066,,TC-F0041,,,,
F0042,ref1/.mpp test files/Hard_File/Hard_File_Path_Trace_UID_155_Directional_Path_Analysis_2026-7-8-13-30-7.xlsx,FAM003,P0123,A0067,,TC-F0042,,,,
F0043,ref1/.mpp test files/Hard_File/Hard_File_Path_Updated_Trace_UID_155_Directional_Path_Analysis_2026-7-8-13-30-7.xlsx,FAM003,P0124,A0068,,TC-F0043,,,,
F0044,ref1/.mpp test files/Hard_File/Hard_File_update vs update2_Fuse - Analysis Report.xlsx,FAM003,P0125,A0069|A0070,,TC-F0044,,,,
F0045,ref1/.mpp test files/Hard_File/Hard_File_update vs update2_Fuse - Detailed Metric Report.xlsx,FAM003,P0126,A0071|A0072,,TC-F0045,,,,
F0046,ref1/.mpp test files/Hard_File/Hard_File_update vs update2_Fuse - Excel .xlsx,FAM003,P0127,A0073|A0074,,TC-F0046,,,,
F0047,ref1/.mpp test files/Hard_File/Hard_File_update vs update2_Fuse - Metric History Report.xlsx,FAM003,P0128,A0075|A0076,,TC-F0047,,,,
F0048,ref1/.mpp test files/Hard_File/Hard_File_update vs update2_Fuse - Summary Report.xlsx,FAM003,P0129,A0077|A0078,,TC-F0048,,,,
F0049,ref1/.mpp test files/Hard_File/Hard_File_update vs update2_Fuse.afw,FAM003,P0130,A0079|A0080,,TC-F0049,,,,
F0050,ref1/.mpp test files/Hard_File/Hard_File_update2 vs update3_Fuse - Analysis Report.xlsx,FAM003,P0131,A0081|A0082,,TC-F0050,,,,
F0051,ref1/.mpp test files/Hard_File/Hard_File_update2 vs update3_Fuse - Detailed Metric Report.xlsx,FAM003,P0132,A0083|A0084,,TC-F0051,,,,
F0052,ref1/.mpp test files/Hard_File/Hard_File_update2 vs update3_Fuse - Excel .xlsx,FAM003,P0133,A0085|A0086,,TC-F0052,,,,
F0053,ref1/.mpp test files/Hard_File/Hard_File_update2 vs update3_Fuse - Metric History Report.xlsx,FAM003,P0134,A0087|A0088,,TC-F0053,,,,
F0054,ref1/.mpp test files/Hard_File/Hard_File_update2 vs update3_Fuse - Metrics Report.xlsx,FAM003,P0135,A0089|A0090,,TC-F0054,,,,
F0055,ref1/.mpp test files/Hard_File/Hard_File_update2 vs update3_Fuse - Summary Metrics Report.xlsx,FAM003,P0136,A0091|A0092,,TC-F0055,,,,
F0056,ref1/.mpp test files/Hard_File/Hard_File_update2 vs update3_Fuse.afw,FAM003,P0137,A0093|A0094,,TC-F0056,,,,
F0057,ref1/.mpp test files/Hard_File/Hard_File_updated vs update 2_ Forensic Analysis Report.xlsx,FAM003,P0138,A0095|A0096,,TC-F0057,,,,
F0058,ref1/.mpp test files/Hard_File/Hard_File_updated.mpp,FAM003,P0139,,A0059|A0061|A0063|A0065|A0068|A0069|A0071|A0073|A0075|A0077|A0079|A0095|A0099|A0139|A0141,,TC-F0037|TC-F0038|TC-F0039|TC-F0040|TC-F0043|TC-F0044|TC-F0045|TC-F0046|TC-F0047|TC-F0048|TC-F0049|TC-F0057|TC-F0064|TC-F0139|TC-F0140,,,
F0059,ref1/.mpp test files/Hard_File/Hard_File_updated2 vs update3 Forensic Analysis Report.xlsx,FAM003,P0140,A0097|A0098,,TC-F0059,,,,
F0060,ref1/.mpp test files/Hard_File/Hard_File_updated2.fieldmap.xml,FAM003,P0141,,,,,,,
F0061,ref1/.mpp test files/Hard_File/Hard_File_updated2.mpp,FAM003,P0142,,A0070|A0072|A0074|A0076|A0078|A0080|A0081|A0083|A0085|A0087|A0089|A0091|A0093|A0096|A0097,,TC-F0044|TC-F0045|TC-F0046|TC-F0047|TC-F0048|TC-F0049|TC-F0050|TC-F0051|TC-F0052|TC-F0053|TC-F0054|TC-F0055|TC-F0056|TC-F0057|TC-F0059,,,
F0062,ref1/.mpp test files/Hard_File/Hard_File_updated3 24 hour calendar.mpp,FAM003,P0143,,,,,,,R004
F0063,ref1/.mpp test files/Hard_File/Hard_File_updated3.mpp,FAM003,P0144,,A0082|A0084|A0086|A0088|A0090|A0092|A0094|A0098,,TC-F0050|TC-F0051|TC-F0052|TC-F0053|TC-F0054|TC-F0055|TC-F0056|TC-F0059,,,
F0064,ref1/.mpp test files/Hard_File/Hard_File_updated_missing_logic.xlsx,FAM003,P0145,A0099,,TC-F0064,,,,
F0065,ref1/.mpp test files/Hard_File/Hard_File_updated_with_logic_reestablished.mpp,FAM003,P0146,,A0100,,TC-F0066,,,R009
F0066,ref1/.mpp test files/Hard_File/Hard_File_updated_with_logic_reestablished_UID_155_Directional_Path_Analysis_2026-7-8-14-37-20.xlsx,FAM003,P0147,A0100,,TC-F0066,,,,
F0067,ref1/.mpp test files/Large Project2 Acumen/Large Project2 Acumen - DCMA Report1.xlsx,FAM004,P0148|P0150|P0316|P0318,A0101,,TC-F0067,,,,
F0068,ref1/.mpp test files/Large Project2 Acumen/Large Project2 Acumen - DCMA Report1.zip,FAM004,P0149|P0317,,,,,,,
F0069,ref1/.mpp test files/Large Project2 Acumen/Large Project2 Acumen - Quick Add Metrics .xlsx,FAM004,P0151|P0156|P0319|P0324,A0102,,TC-F0069,,,,
F0070,ref1/.mpp test files/Large Project2 Acumen/Large Project2 Acumen - Quick Add Metrics.docx,FAM004,P0152|P0157|P0320|P0325,,,,,,,
F0071,ref1/.mpp test files/Large Project2 Acumen/Large Project2 Acumen - Quick Add Metrics1.xlsx,FAM004,P0153|P0158|P0321|P0326,A0103,,TC-F0071,,,,
F0072,ref1/.mpp test files/Large Project2 Acumen/Large Project2 Acumen- Metric History Report.xlsx,FAM004,P0154|P0159|P0322|P0327,A0104,,TC-F0072,,,,
F0073,ref1/.mpp test files/Large Project2 Acumen/Large Project2 Acumen1 - Quick Add Metrics .xlsx,FAM004,P0155|P0160|P0323|P0328,A0105,,TC-F0073,,,,
F0074,ref1/.mpp test files/Large Test File/Large Test File Leveled All Dependencies with driving slack to UID_152_Directional_Path_Analysis_2026-7-14-17-21-13.xlsx,FAM005,P0161,A0106,,TC-F0074,,,,
F0075,ref1/.mpp test files/Large Test File/Large Test File Leveled Critical - Secondary - Teritiary - with driving slack to UID_152_Directional_Path_Analysis_2026-7-14-17-22-42 SSI Settings.jpg,FAM005,P0162,,,,,,,
F0076,ref1/.mpp test files/Large Test File/Large Test File Leveled Critical - Secondary - Teritiary - with driving slack to UID_152_Directional_Path_Analysis_2026-7-14-17-22-42.xlsx,FAM005,P0163,A0107,,TC-F0076,,,,
F0077,ref1/.mpp test files/Large Test File/Large Test File Leveled.mpp,FAM005,P0164,,A0106|A0107|A0160|A0180,,TC-F0074|TC-F0076|TC-F0150|TC-F0170,,EQ010,
F0078,ref1/.mpp test files/Large Test File/Large Test File.mpp,FAM005,P0165,,A0013|A0016|A0019|A0143|A0185,,TC-F0005|TC-F0006|TC-F0007|TC-F0142|TC-F0175,,EQ001|EQ002|EQ003|EQ005|EQ015,
F0079,ref1/.mpp test files/Large Test File/Large Test File2.mpp,FAM005,P0166,,A0014|A0017|A0020|A0101|A0102|A0103|A0104|A0105|A0186,,TC-F0005|TC-F0006|TC-F0007|TC-F0067|TC-F0069|TC-F0071|TC-F0072|TC-F0073|TC-F0175,,,
F0080,ref1/.mpp test files/Large Test File/Large_Test_File.mpp,FAM005,P0167,,A0015|A0018|A0021|A0144|A0187,,TC-F0005|TC-F0006|TC-F0007|TC-F0142|TC-F0175,,EQ001|EQ002|EQ003|EQ005|EQ015,
F0081,ref1/.mpp test files/Project 1-5/Project5.mpp,FAM008,P0171,,A0153|A0157|A0165,,TC-F0146|TC-F0147|TC-F0152,,EQ004|EQ006|EQ007|EQ008|EQ009|EQ011|EQ012|EQ013|EQ014,R007|R008
F0082,ref1/.mpp test files/Project 1-5/Project5_TAMPERED.mpp,FAM008,P0172,,A0135|A0146|A0150|A0154|A0158|A0166|A0169|A0172|A0175,,TC-F0135|TC-F0144|TC-F0145|TC-F0146|TC-F0147|TC-F0152|TC-F0164|TC-F0165|TC-F0166,,EQ004|EQ006|EQ007|EQ008|EQ009|EQ011|EQ012|EQ013|EQ014,
F0083,ref1/.mpp test files/Project2 - Project5/2 vs 5/2v5 - Quick Add Metrics.docx,FAM008,P0173,,,,,,,
F0084,ref1/.mpp test files/Project2 - Project5/2 vs 5/2v51 - Quick Add Metrics .xlsx,FAM008,P0174,A0108|A0109,,TC-F0084,,,,
F0085,ref1/.mpp test files/Project2 - Project5/2 vs 5/2v52 - Quick Add Metrics.xlsx,FAM008,P0175,A0110|A0111,,TC-F0085,,,,
F0086,ref1/.mpp test files/Project2 - Project5/2 vs 5/2v53 - DCMA Report.xlsx,FAM008,P0176,A0112|A0113,,TC-F0086,,,,
F0087,ref1/.mpp test files/Project2 - Project5/2 vs 5/2v54- Detailed Metric Report.xlsx,FAM008,P0177,A0114|A0115,,TC-F0087,,,,
F0088,ref1/.mpp test files/Project2 - Project5/2 vs 5/2v55 - Metric History Report.xlsx,FAM008,P0178,A0116|A0117,,TC-F0088,,,,
F0089,ref1/.mpp test files/Project2 - Project5/2 vs 5/Project2v5 Forensic Analysis Report.xlsx,FAM008,P0180,A0118|A0119,,TC-F0089,,,,
F0090,ref1/.mpp test files/Project2 - Project5/2 vs 5/Project5_TAMPERED.mpp,FAM008,P0181,,A0108|A0110|A0112|A0114|A0116|A0118|A0120|A0122|A0124|A0126|A0128|A0130|A0136|A0147|A0151|A0155|A0159|A0167|A0170|A0173|A0176,,TC-F0084|TC-F0085|TC-F0086|TC-F0087|TC-F0088|TC-F0089|TC-F0091|TC-F0092|TC-F0093|TC-F0094|TC-F0095|TC-F0096|TC-F0135|TC-F0144|TC-F0145|TC-F0146|TC-F0147|TC-F0152|TC-F0164|TC-F0165|TC-F0166,,EQ004|EQ006|EQ007|EQ008|EQ009|EQ011|EQ012|EQ013|EQ014,
F0091,ref1/.mpp test files/Project2 - Project5/P-P5 - Quick Add Metrics .xlsx,FAM008,P0182|P0329|P0332,A0120|A0121,,TC-F0091,,,,
F0092,ref1/.mpp test files/Project2 - Project5/P2-P5 - DCMA Report.xlsx,FAM008,P0183|P0330|P0333,A0122|A0123,,TC-F0092,,,,
F0093,ref1/.mpp test files/Project2 - Project5/P2-P5 - Detailed Metric Report.xlsx,FAM008,P0184|P0334|P0340,A0124|A0125,,TC-F0093,,,,
F0094,ref1/.mpp test files/Project2 - Project5/P2-P5 - Metric History Report.xlsx,FAM008,P0185|P0335|P0341,A0126|A0127,,TC-F0094,,,,
F0095,ref1/.mpp test files/Project2 - Project5/P2-P5 - Quick Add Metrics.xlsx,FAM008,P0186|P0336|P0342,A0128|A0129,,TC-F0095,,,,
F0096,ref1/.mpp test files/Project2 - Project5/P2-P5.afw,FAM008,P0187|P0190|P0337|P0343|P0346,A0130|A0131,,TC-F0096,,,,
F0097,ref1/.mpp test files/TP4 DataCenter/TP4_DataCenter_v1.mpp,FAM011,P0191,,,,,MX006,,
F0098,ref1/.mpp test files/TP4 DataCenter/TP4_DataCenter_v2.mpp,FAM011,P0192,,,,,MX007,,
F0099,ref1/.mpp test files/TP4 DataCenter/TP4_DataCenter_v3.mpp,FAM011,P0193,,,,,MX008,,
F0100,ref1/.mpp test files/TP4 DataCenter/TP4_DataCenter_v4.mpp,FAM011,P0194,,,,,MX009,,
F0101,ref1/.mpp test files/TP4 DataCenter/TP4_DataCenter_v5.mpp,FAM011,P0195,,,,,MX010,,
F0102,ref1/00_REFERENCE_INTAKEmppProject2.mpp,FAM008,P0011|P0033|P0057|P0079|P0168|P0179|P0188|P0196|P0255|P0277|P0338|P0344|P0348|P0358|P0398,,A0004|A0008|A0012|A0109|A0111|A0113|A0115|A0117|A0119|A0121|A0123|A0125|A0127|A0129|A0131|A0137|A0148,,TC-F0001|TC-F0002|TC-F0003|TC-F0084|TC-F0085|TC-F0086|TC-F0087|TC-F0088|TC-F0089|TC-F0091|TC-F0092|TC-F0093|TC-F0094|TC-F0095|TC-F0096|TC-F0135|TC-F0144,,,R006
F0103,ref1/106 Advanced Schedule RiskPresentation Lisbon.ppt,FAM009,P0197,,,,,,,
F0104,ref1/5 Task Test File.mpp,FAM002,P0198,,A0182|A0183|A0184,,TC-F0172|TC-F0173|TC-F0174,,,
F0105,ref1/AIprompt_Margin&ContingencyBarChart (1).docx,FAM006,P0199,,,,,,,
F0106,"ref1/Concepts, Methods & Techniques.docx",FAM007,P0200,,,,,,,
F0107,ref1/evmimplementationhandbook-1-1.pdf,FAM007,P0201,,,,,,,
F0108,ref1/INT-02-Advanced-Schedule-Analysis.pdf,FAM007,P0202,,,,,,,
F0109,ref1/Large Test File Leveled (OVERALLOCATION FIXED).mpp,FAM005,P0203,,A0161,,TC-F0150,,EQ010,
F0110,ref1/Large Test File Leveled with Driving Slack Not Leveled.mpp,FAM005,P0204,,A0142|A0162|A0177|A0179,,TC-F0141|TC-F0150|TC-F0167|TC-F0169,,EQ010,
F0111,ref1/Large Test File Leveled with Driving Slack.mpp,FAM005,P0205,,A0163|A0178|A0181,,TC-F0150|TC-F0168|TC-F0171,,EQ010,
F0112,ref1/Margin Consumption.png,FAM006,P0206,,,,,,,
F0113,ref1/Margin Erosion.png,FAM006,P0207,,,,,,,
F0114,ref1/Margin&Contingency_BurnDown_Template_20250513.xlsx,FAM006,P0208,,,TC-F0114,,,,
F0115,ref1/mf MA-IMS.docx,FAM007,P0209,,,,,,,
F0116,ref1/nasa-ibr-handbook-5-1.pdf,FAM007,P0210,,,,,,,
F0117,ref1/nasa-wbs-handbook.pdf,FAM007,P0211,,,,,,,
F0118,ref1/pm-handbook-nasa-sp-2014-3705-2024jun.pdf,FAM007,P0212,,,,,,,
F0119,ref1/ppc-handbook-1-5-17.pdf,FAM007,P0213,,,,,,,
F0120,ref1/Project2(Duration Bomb).mpp,FAM008,P0214|P0347|P0357|P0397,,,,,,,
F0121,ref1/Project5_TAMPERED UI WBS Levels.mpp,FAM008,P0215,,,,,,,
F0122,ref1/schedule-management-handbook-20240315-update.pdf,FAM007,P0216,,,,,,,
F0123,ref1/smp-template-20200225.docx,FAM007,P0217,,,,,,,
F0124,ref1/sopi_6.0_final.pdf,FAM007,P0218,,,,,,,
F0125,ref1/SP-20240014019.pdf,FAM007,P0219,,,,,,,
F0126,ref1/SP-20240014326.pdf,FAM007,P0220,,,,,,,
F0127,ref1/SRA Risk - Project5_TAMPERED.mpp,FAM009,P0221,,,,,,,
F0128,ref1/SRA Risk - TEST FILE - Project5_TAMPERED.mpp,FAM009,P0222,,,,,,,
F0129,ref1/srb-handbook-official-rev-c-202301243-final-v2.pdf,FAM007,P0223,,,,,,,
F0130,ref1/TP1_Library_Progressed.mpp,FAM010,P0224|P0352|P0362|P0402,,A0026|A0031|A0036|A0037|A0038|A0039,,TC-F0011|TC-F0012|TC-F0013|TC-F0014|TC-F0015|TC-F0016,MX011,,
F0131,ref1/TP2_Bridge_4x10_Calendar.mpp,FAM010,P0225|P0364|P0378|P0404,,A0040|A0042|A0044,,TC-F0017|TC-F0018|TC-F0019,MX012,,
F0132,ref1/TP3_Outage_DCMA_Seeded.mpp,FAM010,P0226|P0366|P0380|P0406,,A0041|A0043|A0045,,TC-F0017|TC-F0018|TC-F0019,MX013,,
F0133,ref1/Visuals/Advanced Cost Uncertainty.jpg,FAM012,P0227,,,,,,,
F0134,ref1/Visuals/HLS Risk Rigistry.jpg,FAM012,P0228,,,,,,,
F0135,ref2/2345.afw,FAM008,P0229|P0248,A0132|A0133|A0134|A0135|A0136|A0137,,TC-F0135,,,,
F0136,ref2/Ai Result Comparision.docx,FAM012,P0230,,,,,,,
F0137,ref2/Executive Summary Large Test File.docx,FAM005,P0231,,,,,,,
F0138,ref2/Field Map.fieldmap.xml,FAM012,P0232,,,,,,,
F0139,ref2/Hard_File Forensic Analysis Report.xlsx,FAM003,P0233,A0138|A0139,,TC-F0139,,,,
F0140,ref2/Hard_File_Fuse.afw,FAM003,P0234,A0140|A0141,,TC-F0140,,,,
F0141,ref2/Large Test File (OverAl Fixed) UID_152_Directional_Path_Analysis_2026-6-24-13-17-48.xlsx,FAM005,P0235,A0142,,TC-F0141,,,,
F0142,ref2/Large_Test_File_UID_152_Directional_Path_Analysis_2026-7-8-8-45-50.xlsx,FAM005,P0236,A0143|A0144,,TC-F0142,,,,
F0143,ref2/PerformanceAnalysisSummary_Sample Metrics_2026APR.xlsx,FAM007,P0237,,,TC-F0143,,,,
F0144,ref2/Project2 vs Project5_TAMPERED Forensic Analysis Report.xlsx,FAM008,P0238,A0145|A0146|A0147|A0148,,TC-F0144,,,,
F0145,ref2/Project5_TAMPERED_UID_67_Directional_Path_Analysis_2026-7-8-8-19-10.xlsx,FAM008,P0239,A0149|A0150|A0151,,TC-F0145,,,,
F0146,ref2/SRA Risk - Project5_TAMPERED - SRA.xlsx,FAM009,P0240,A0152|A0153|A0154|A0155,,TC-F0146,,,,
F0147,ref2/SRA Sensitivity Analysis.xlsx,FAM009,P0241,A0156|A0157|A0158|A0159,,TC-F0147,,,,
F0148,ref2/sra-report January 2026.docx,FAM009,P0242,,,,,,,
F0149,ref2/sra-report.docx,FAM009,P0243,,,,,,,
F0150,ref2/sra-ssi (January 2026).xlsx,FAM009,P0244,A0160|A0161|A0162|A0163,,TC-F0150,,,,
F0151,ref2/sra-ssi-setup.json,FAM009,P0245,,,,,,,
F0152,ref2/sra-ssi.xlsx,FAM009,P0246,A0164|A0165|A0166|A0167,,TC-F0152,,,,
F0153,ref2/test files.zip,FAM012,P0247,,,,,,,
F0154,ref2/test files_EXTRACTED/Project2 - Project5/P2-P5 - DCMA Report.zip,FAM008,P0331,,,,,,,
F0155,ref2/TP1_Library_Progressed.xml,FAM010,P0353|P0363|P0393|P0403,,,,,MX011,,
F0156,ref2/TP1_Library_Progressed.zip,FAM010,P0354|P0394,,,,,,,
F0157,ref2/TP2_Bridge_4x10_Calendar.xml,FAM010,P0365|P0379|P0405|P0418,,,,,MX012,,
F0158,ref2/TP3_Outage_DCMA_Seeded.xml,FAM010,P0367|P0381|P0407|P0419,,,,,MX013,,
F0159,ref2/TP4_DataCenter_v1.xml,FAM011,P0369|P0383|P0409|P0420,,,,,MX001|MX006,,
F0160,ref2/TP4_DataCenter_v2.xml,FAM011,P0371|P0385|P0411|P0421,,,,,MX002|MX007,,
F0161,ref2/TP4_DataCenter_v3.xml,FAM011,P0373|P0387|P0413|P0422,,,,,MX003|MX008,,
F0162,ref2/TP4_DataCenter_v4.xml,FAM011,P0375|P0389|P0415|P0423,,,,,MX004|MX009,,
F0163,ref2/TP4_DataCenter_v5.xml,FAM011,P0377|P0391|P0417|P0424,,,,,MX005|MX010,,
F0164,ref2/UID_145_Directional_Path_Analysis_2026-6-22-11-35-10.xlsx,FAM008,P0425,A0168|A0169|A0170,,TC-F0164,,,,
F0165,ref2/UID_145_Directional_Path_Analysis_2026-6-23-12-28-46.xlsx,FAM008,P0426,A0171|A0172|A0173,,TC-F0165,,,,
F0166,ref2/UID_145_Directional_Path_Analysis_All_Dependencies_2026-6-23-12-37-10.xlsx,FAM008,P0427,A0174|A0175|A0176,,TC-F0166,,,,
F0167,ref2/UID_152_Directional_Path_Analysis_2026-6-23-12-46-44.xlsx,FAM005,P0428,A0177,,TC-F0167,,,,
F0168,ref2/UID_152_Directional_Path_Analysis_All Dependents Not Leveled_2026-6-23-20-30-55.xlsx,FAM005,P0429,A0178,,TC-F0168,,,,
F0169,ref2/UID_152_Directional_Path_Analysis_ALL_2026-6-23-15-5-21.xlsx,FAM005,P0430,A0179,,TC-F0169,,,,
F0170,ref2/UID_152_Directional_Path_Analysis_Leveled_All_Dependents_2026-6-23-20-28-26.xlsx,FAM005,P0431,A0180,,TC-F0170,,,,
F0171,ref2/UID_152_Directional_Path_Analysis_Resource_Level_2026-6-23-17-8-43.xlsx,FAM005,P0432,A0181,,TC-F0171,,,,
F0172,ref2/UID_4_Directional_Path_Analysis_2026-6-23-15-42-46.xlsx,FAM002,P0433,A0182,,TC-F0172,,,,
F0173,ref2/UID_4_Directional_Path_Analysis_Progress_2026-6-23-16-0-6.xlsx,FAM002,P0434,A0183,,TC-F0173,,,,
F0174,ref2/UID_4_Directional_Path_Analysis_Split_2026-6-23-16-31-24.xlsx,FAM002,P0435,A0184,,TC-F0174,,,,
F0175,ref2/Workbook1 - DCMA Report.xlsx,FAM012,P0298|P0392|P0436,A0185|A0186|A0187,,TC-F0175,,,,
